-- MEMBER
INSERT INTO member (member_name, email, password, role, status, created_at, updated_at)
VALUES ('master', 'master@test.com', '$2b$12$Xq6gldZgCgsec6HLq7bB/e.xOTyFZq4q4eXqwXdBOXS/E2TqVaXy6', 'ROLE_ADMIN', true,NOW(), NOW());
INSERT INTO member (member_name, email, password, role, status, created_at, updated_at)
VALUES ('tester', 'tester@test.com', '$2b$12$Xq6gldZgCgsec6HLq7bB/e.xOTyFZq4q4eXqwXdBOXS/E2TqVaXy6', 'ROLE_USER', true,NOW(), NOW());

INSERT INTO member (member_name, email, password, role, status, created_at, updated_at)
VALUES ('tester1', 'tester1@test.com', '$2b$12$Xq6gldZgCgsec6HLq7bB/e.xOTyFZq4q4eXqwXdBOXS/E2TqVaXy6', 'ROLE_USER', true,NOW(), NOW());
INSERT INTO member (member_name, email, password, role, status, created_at, updated_at)
VALUES ('tester2', 'tester2@test.com', '$2b$12$Xq6gldZgCgsec6HLq7bB/e.xOTyFZq4q4eXqwXdBOXS/E2TqVaXy6', 'ROLE_USER',true, NOW(), NOW());

INSERT INTO member (member_name, email, password, role, status, created_at, updated_at)
VALUES ('tester3', 'tester3@test.com', '$2b$12$Xq6gldZgCgsec6HLq7bB/e.xOTyFZq4q4eXqwXdBOXS/E2TqVaXy6', 'ROLE_USER', true,'2025-01-06 14:27:12', '2025-01-06 14:27:12');
INSERT INTO member (member_name, email, password, role, status, created_at, updated_at)
VALUES ('tester4', 'tester4@test.com', '$2b$12$Xq6gldZgCgsec6HLq7bB/e.xOTyFZq4q4eXqwXdBOXS/E2TqVaXy6', 'ROLE_USER',true, '2025-02-06 14:27:12', '2025-02-06 14:27:12');

INSERT INTO member (member_name, email, password, role, status, created_at, updated_at)
VALUES ('tester5', 'tester5@test.com', '$2b$12$Xq6gldZgCgsec6HLq7bB/e.xOTyFZq4q4eXqwXdBOXS/E2TqVaXy6', 'ROLE_USER', true,'2025-03-06 14:27:12', '2025-03-06 14:27:12');

-- CATEGORY
INSERT INTO category (category_id, category_name) VALUES (1, '금융');
INSERT INTO category (category_id, category_name) VALUES (2, '증권');
INSERT INTO category (category_id, category_name) VALUES (3,'산업');
INSERT INTO category (category_id, category_name) VALUES (4,'부동산');
INSERT INTO category (category_id, category_name) VALUES (5,'글로벌');
INSERT INTO category (category_id, category_name) VALUES (6,'생활');
INSERT INTO category (category_id, category_name) VALUES (7,'일반');

-- USER_SUBSCRIPTION
INSERT INTO user_subscription (member_id, category_id, status, created_at, updated_at)
VALUES (1, 1, TRUE, NOW(), NOW());
INSERT INTO user_subscription (member_id, category_id, status, created_at, updated_at)
VALUES (2, 2, TRUE, NOW(), NOW());
INSERT INTO user_subscription (member_id, category_id, status, created_at, updated_at)
VALUES (3, 3, TRUE, NOW(), NOW());
INSERT INTO user_subscription (member_id, category_id, status, created_at, updated_at)
VALUES (4, 2, TRUE, NOW(), NOW());

INSERT INTO user_subscription (member_id, category_id, status, created_at, updated_at)
VALUES (1, 5, TRUE, NOW(), NOW());
INSERT INTO user_subscription (member_id, category_id, status, created_at, updated_at)
VALUES (2, 6, TRUE, NOW(), NOW());
INSERT INTO user_subscription (member_id, category_id, status, created_at, updated_at)
VALUES (3, 7, TRUE, NOW(), NOW());
INSERT INTO user_subscription (member_id, category_id, status, created_at, updated_at)
VALUES (5, 5, TRUE, NOW(), NOW());
INSERT INTO user_subscription (member_id, category_id, status, created_at, updated_at)
VALUES (6, 6, TRUE, NOW(), NOW());
INSERT INTO user_subscription (member_id, category_id, status, created_at, updated_at)
VALUES (7, 7, TRUE, NOW(), NOW());

-- POST
INSERT INTO post (member_id, category_id, type, title, content, count, thumbnail_url, status, created_at, updated_at)
VALUES (1, 1, 'news', '경제 뉴스 1', 'International 인플레이션 Monetary Fund(IMF)가 2025년 기준금리 세계 양적완화테이퍼링 금융 긴축통스태그플레이션 경제성장률을 약 3.2%로 상향 조정했으나, 여전히 둔화세가 뚜렷하며 보호무역·정책 불확실성이 리스크로 작용하고 있다. 긍정적 측면 성장률이 하향세에 머무르긴 하지만, 예상보다는 상향돼 경제 회복 가능성에 대한 신호가 존재한다. 기술 투자(특히 AI) 같은 신규 분야가 성장 동력을 제공하며 구조전환의 기회가 될 수 있다. 부정적 측면 여전히 리스크가 크며, 특히 무역마찰·정책 불확실성 등이 투자·고용을 억제할 수 있다. 성장률이 낮은 상태가 장기간 지속되면 구조적 침체로 전환될 우려가 있다.', 0, '', true, NOW(), NOW());

INSERT INTO post (member_id, category_id, type, title, content, count, thumbnail_url, status, created_at, updated_at)
VALUES (1, 3, 'news', '탄소중립 도시 시범사업 본격화', '정부가 탄소중립 도시 구축을 위한 시범사업을 전국 5곳에서 시작했다. 친환경 교통수단 도입과 스마트에너지 관리시스템이 핵심이다.', 6, '', true, '2025-10-13 08:32:47', '2025-10-13 08:32:47');

INSERT INTO post (member_id, category_id, type, title, content, count, thumbnail_url, status, created_at, updated_at)
VALUES (1, 3, 'news', '탄소중립 도시 시범사업 본격화', '정부가 탄소중립 도시 구축을 위한 시범사업을 전국 5곳에서 시작했다. 친환경 교통수단 도입과 스마트에너지 관리시스템이 핵심이다.', 6, '', true, '2025-10-13 08:32:47', '2025-10-13 08:32:47');

INSERT INTO post (member_id, category_id, type, title, content, count, thumbnail_url, status, created_at, updated_at)
VALUES (1, 2, 'news', 'IT 뉴스', 'Tata Consultancy Services(TCS)가 12,000명 이상 감원하며 인도 아웃소싱 산업이 AI‧자동화 중심으로 구조 재편되고 있음을 나타냈다. 긍정적인 측면 기업이 AI 및 자동화에 투자하며 생산성과 효율성을 제고, 글로벌 IT 서비스 중심 경쟁력을 강화할 기회가 생긴다. 기술 재훈련·고급 역량 개발이 촉진되어 장기적으로 더 강한 인재 생태계가 구축될 수 있다. 부정적인 측면 단기적으로 많은 직원이 일자리를 잃고 중견 경력자에 대한 수요가 줄어들며 사회‧경제적 충격이 클 수 있다. 과도한 자동화 중심 전략은 인간 중심 서비스의 품질 저하나 기술 격차 확대를 초래할 수도 있다.', 1, '', true, NOW(), NOW());

INSERT INTO post (member_id, category_id, type, title, content, count, thumbnail_url, status, created_at, updated_at)
VALUES (1, 3, 'news', '국제 유가 3개월 연속 상승', '국제 유가가 지정학적 긴장과 공급 감소로 인해 3개월 연속 상승세를 기록했다. 긍정적인 측면에서는 에너지 산업의 수익이 개선되고 관련 투자가 확대될 수 있다. 반면 소비자 물가 상승 압력으로 이어질 가능성이 커졌다.', 12, '', true, '2025-10-03 09:42:31', '2025-10-03 09:42:31');

INSERT INTO post (member_id, category_id, type, title, content, count, thumbnail_url, status, created_at, updated_at)
VALUES (1, 4, 'news', '삼성전자, AI 반도체 신제품 공개', '삼성전자가 차세대 AI 반도체를 공개하며 글로벌 시장 경쟁을 강화하고 있다. 기술력이 향상되면서 데이터센터 효율이 20% 이상 개선될 전망이다.', 5, '', true, '2025-10-06 14:27:12', '2025-10-06 14:27:12');

INSERT INTO post (member_id, category_id, type, title, content, count, thumbnail_url, status, created_at, updated_at)
VALUES (2, 5, 'news', '기후 변화로 전력 수급 불안 심화', '기후 변화로 인해 여름철 전력 수요가 급증하면서 전력 수급 불안이 현실화되고 있다. 정부는 재생에너지 확대와 에너지 절약 캠페인을 병행 추진 중이다.', 23, '', true, '2025-10-08 16:03:45', '2025-10-08 16:03:45');

INSERT INTO post (member_id, category_id, type, title, content, count, thumbnail_url, status, created_at, updated_at)
VALUES (1, 6, 'news', '한국은행, 기준금리 동결 결정', '한국은행이 물가와 경기 불확실성 속에 기준금리를 현 수준으로 동결했다. 시장에서는 내년 초 완화적 통화정책 전환 가능성을 주목하고 있다.', 41, '', true, '2025-10-05 11:21:58', '2025-10-05 11:21:58');

INSERT INTO post (member_id, category_id, type, title, content, count, thumbnail_url, status, created_at, updated_at)
VALUES (1, 7, 'news', '네이버, AI 번역엔진 업그레이드', '네이버가 자체 개발한 AI 번역엔진을 업그레이드해 정확도와 속도를 크게 개선했다. 글로벌 시장 진출을 위한 기술적 기반이 강화됐다.', 9, '', true, '2025-10-10 18:45:22', '2025-10-10 18:45:22');

INSERT INTO post (member_id, category_id, type, title, content, count, thumbnail_url, status, created_at, updated_at)
VALUES (2, 1, 'news', '원/달러 환율, 1400원 재돌파', '미국 금리 인상 기조 유지로 원/달러 환율이 다시 1400원을 돌파했다. 수출 기업에는 긍정적이지만 수입 물가 상승 우려가 크다.', 27, '', true, '2025-05-11 10:16:38', '2025-05-11 10:16:38');

INSERT INTO post (member_id, category_id, type, title, content, count, thumbnail_url, status, created_at, updated_at)
VALUES (1, 2, 'news', 'OpenAI, GPT-5 상용화 예고', 'OpenAI가 GPT-5 모델을 정식 상용화할 계획을 발표했다. 자연어 처리 기술이 더 정교해지며 기업용 AI 솔루션 시장이 확대될 전망이다.', 33, '', true, '2025-04-12 14:58:09', '2025-04-12 14:58:09');

INSERT INTO post (member_id, category_id, type, title, content, count, thumbnail_url, status, created_at, updated_at)
VALUES (1, 3, 'news', '탄소중립 도시 시범사업 본격화', '정부가 탄소중립 도시 구축을 위한 시범사업을 전국 5곳에서 시작했다. 친환경 교통수단 도입과 스마트에너지 관리시스템이 핵심이다.', 6, '', true, '2025-03-13 08:32:47', '2025-03-13 08:32:47');
INSERT INTO post (member_id, category_id, type, title, content, count, thumbnail_url, status, created_at, updated_at)
VALUES (1, 1, 'news', '경제 뉴스 1', 'International Monetary Fund(IMF)가 2025년 세계 경제성장률을 약 3.2%로 상향 조정했으나, 여전히 둔화세가 뚜렷하며 보호무역·정책 불확실성이 리스크로 작용하고 있다. 긍정적 측면 성장률이 하향세에 머무르긴 하지만, 예상보다는 상향돼 경제 회복 가능성에 대한 신호가 존재한다. 기술 투자(특히 AI) 같은 신규 분야가 성장 동력을 제공하며 구조전환의 기회가 될 수 있다. 부정적 측면 여전히 리스크가 크며, 특히 무역마찰·정책 불확실성 등이 투자·고용을 억제할 수 있다. 성장률이 낮은 상태가 장기간 지속되면 구조적 침체로 전환될 우려가 있다.', 0, '', true, NOW(), NOW());

INSERT INTO post (member_id, category_id, type, title, content, count, thumbnail_url, status, created_at, updated_at)
VALUES (1, 2, 'news', 'IT 뉴스', 'Tata Consultancy Services(TCS)가 12,000명 이상 감원하며 인도 아웃소싱 산업이 AI‧자동화 중심으로 구조 재편되고 있음을 나타냈다. 긍정적인 측면 기업이 AI 및 자동화에 투자하며 생산성과 효율성을 제고, 글로벌 IT 서비스 중심 경쟁력을 강화할 기회가 생긴다. 기술 재훈련·고급 역량 개발이 촉진되어 장기적으로 더 강한 인재 생태계가 구축될 수 있다. 부정적인 측면 단기적으로 많은 직원이 일자리를 잃고 중견 경력자에 대한 수요가 줄어들며 사회‧경제적 충격이 클 수 있다. 과도한 자동화 중심 전략은 인간 중심 서비스의 품질 저하나 기술 격차 확대를 초래할 수도 있다.', 1, '', true, NOW(), NOW());

INSERT INTO post (member_id, category_id, type, title, content, count, thumbnail_url, status, created_at, updated_at)
VALUES (1, 1, 'news', '국제 유가 3개월 연속 상승', '국제 유가가 지정학적 긴장과 공급 감소로 인해 3개월 연속 상승세를 기록했다. 긍정적인 측면에서는 에너지 산업의 수익이 개선되고 관련 투자가 확대될 수 있다. 반면 소비자 물가 상승 압력으로 이어질 가능성이 커졌다.', 12, '', true, '2025-10-03 09:42:31', '2025-10-03 09:42:31');

INSERT INTO post (member_id, category_id, type, title, content, count, thumbnail_url, status, created_at, updated_at)
VALUES (1, 2, 'news', '삼성전자, AI 반도체 신제품 공개', '삼성전자가 차세대 AI 반도체를 공개하며 글로벌 시장 경쟁을 강화하고 있다. 기술력이 향상되면서 데이터센터 효율이 20% 이상 개선될 전망이다.', 5, '', true, '2025-03-06 14:27:12', '2025-03-06 14:27:12');

INSERT INTO post (member_id, category_id, type, title, content, count, thumbnail_url, status, created_at, updated_at)
VALUES (2, 3, 'news', '기후 변화로 전력 수급 불안 심화', '기후 변화로 인해 여름철 전력 수요가 급증하면서 전력 수급 불안이 현실화되고 있다. 정부는 재생에너지 확대와 에너지 절약 캠페인을 병행 추진 중이다.', 23, '', true, '2025-02-08 16:03:45', '2025-02-08 16:03:45');

INSERT INTO post (member_id, category_id, type, title, content, count, thumbnail_url, status, created_at, updated_at)
VALUES (1, 1, 'news', '한국은행, 기준금리 동결 결정', '한국은행이 물가와 경기 불확실성 속에 기준금리를 현 수준으로 동결했다. 시장에서는 내년 초 완화적 통화정책 전환 가능성을 주목하고 있다.', 41, '', true, '2025-02-05 11:21:58', '2025-02-05 11:21:58');

INSERT INTO post (member_id, category_id, type, title, content, count, thumbnail_url, status, created_at, updated_at)
VALUES (1, 2, 'news', '네이버, AI 번역엔진 업그레이드', '네이버가 자체 개발한 AI 번역엔진을 업그레이드해 정확도와 속도를 크게 개선했다. 글로벌 시장 진출을 위한 기술적 기반이 강화됐다.', 9, '', true, '2025-02-10 18:45:22', '2025-02-10 18:45:22');

INSERT INTO post (member_id, category_id, type, title, content, count, thumbnail_url, status, created_at, updated_at)
VALUES (2, 1, 'news', '원/달러 환율, 1400원 재돌파', '미국 금리 인상 기조 유지로 원/달러 환율이 다시 1400원을 돌파했다. 수출 기업에는 긍정적이지만 수입 물가 상승 우려가 크다.', 27, '', true, '2025-01-11 10:16:38', '2025-01-11 10:16:38');

INSERT INTO post (member_id, category_id, type, title, content, count, thumbnail_url, status, created_at, updated_at)
VALUES (1, 2, 'news', 'OpenAI, GPT-5 상용화 예고', 'OpenAI가 GPT-5 모델을 정식 상용화할 계획을 발표했다. 자연어 처리 기술이 더 정교해지며 기업용 AI 솔루션 시장이 확대될 전망이다.', 33, '', true, '2025-01-12 14:58:09', '2025-01-12 14:58:09');

INSERT INTO post (member_id, category_id, type, title, content, count, thumbnail_url, status, created_at, updated_at)
VALUES (1, 3, 'news', '탄소중립 도시 시범사업 본격화', '정부가 탄소중립 도시 구축을 위한 시범사업을 전국 5곳에서 시작했다. 친환경 교통수단 도입과 스마트에너지 관리시스템이 핵심이다.', 6, '', true, '2025-01-13 08:32:47', '2025-01-13 08:32:47');


INSERT INTO post (member_id, category_id, type, title, content, count, thumbnail_url, status, created_at, updated_at)
VALUES
    (3, 2, 'community', '오늘 점심 뭐 드셨어요?',
     '회사 근처에 새로 생긴 국밥집 다녀왔어요! 고기도 많고 국물도 진하네요. 혹시 근처에 맛집 아시는 분 추천 좀 해주세요',
     14, '', true, '2025-04-10 12:45:22', '2025-04-10 12:45:22'),

    (3, 1, 'community', '갤럭시 S24 써보신 분 계신가요?',
     '이번에 폰 바꾸려는데 S24 카메라랑 배터리 괜찮은가요? 후기 좀 부탁드려요',
     23, '', true, '2025-03-11 09:16:38', '2025-03-11 09:16:38'),

    (4, 2, 'community', 'GPT-5 써보니까 진짜 신기하네요',
     '어제 처음 써봤는데, 진짜 사람처럼 대화하네요. 프로그래밍 코드도 척척 써주고요. 다들 써보셨나요?',
     31, '', true, '2025-02-12 14:58:09', '2025-02-12 14:58:09'),

    (4, 3, 'community', '주말 캠핑 다녀왔어요',
     '가평 근처로 캠핑 다녀왔는데 날씨도 좋고 공기도 맑았어요. 사진은 못 찍었지만 힐링 제대로 했네요',
     18, '', true, '2025-01-13 08:32:47', '2025-01-13 08:32:47');

INSERT INTO post (member_id, category_id, type, title, content, count, thumbnail_url, status, created_at, updated_at)
VALUES
    (1, 2, 'mail', '뉴스1', 'International Monetary Fund(IMF)의 세계경제전망  글로벌 성장률이 2025년 3.2%, 2026년 3.1%로 예상되며, 전년 대비 둔화세를 이어가고 있다는 발표가 나왔습니다. IMF+2EFG+2  선진국은 약 1.5% 성장, 신흥국·개도국은 약 4% 내외로 전망되어 성장 격차가 여전한 것으로 나타났습니다. IMF+1

미국-한국 간 무역협정 체결  도널드 트럼프 미국 대통령과 이재명 한국 대통령이 만나 한국이 미국에 대규모 투자를 약속하고 미국은 한국 차량에 대한 관세를 인하하는 등 협정을 마무리했습니다. 파이낸셜 타임스  해당 거래는 한국의 수출 구조에 영향을 줄 수 있으며, 양국간 무역 및 산업 공급망 재편에 변화를 예고하고 있습니다. Reuters

인도 경제의 탄탄한 성장 기대감  인도의 수석경제고문이 2025-26 회계연도에 GDP 성장률이 약 7%에 이를 수 있다는 낙관적 전망을 밝혔습니다. The Economic Times  글로벌 불확실성 속에서도 인도의 내수 및 거시경제 기초체력이 상대적으로 견고하다는 평가입니다. Deloitte

일본 경제, 설비투자 중심으로 회복 조짐  일본 정부가 발표한 2025년 10월 보고서에 따르면 설비투자를 중심으로 경기가 완만히 회복 중이며 고용여건도 개선되는 조짐이 보입니다. Reuters  다만 소비 회복은 다소 지체되고 있고, 미국발 관세 등의 외부 리스크가 여전히 존재한다는 경고도 함께 나왔습니다. Reuters

세계 기업들, 소비심리 둔화와 AI 전환 속 대규모 구조조정  글로벌 주요 기업들이 소비자심리 약화와 인공지능(AI) 전환 압박 속에서 대규모 감원을 단행 중이며, 이는 경제 전반의 불안 요소로 지목되고 있습니다. Reuters  특히 미국과 유럽에서 백오피스·사무직 중심으로 감원이 많으며, 이는 소비 및 고용에 악영향을 미칠 가능성이 있습니다. Reuters', 0, '', true, NOW(), NOW()),
    (2, 2, 'mail', '뉴스2', '내용1', 0, '', true, NOW(), NOW()),
    (3, 2, 'mail', '뉴스3', '내용1', 0, '', true, NOW(), NOW()),
    (4, 2, 'mail', '뉴스4', '내용1', 0, '', true, NOW(), NOW()),
    (5, 2, 'mail', '뉴스5', '내용1', 0, '', true, NOW(), NOW()),
    (6, 1, 'mail', '뉴스6', '내용2', 0, '', true, NOW(), NOW());


-- COMMENT
INSERT INTO comment (member_id, post_id, parent_id, content, deleted, created_at, updated_at)
VALUES (1, 1, NULL, '첫 댓글 테스트입니다', false, '2025-02-01 14:32:01', '2025-02-01 14:32:01');
INSERT INTO comment (member_id, post_id, parent_id, content, deleted, created_at, updated_at)
VALUES (1, 1, NULL, '두 번째 댓글 테스트입니다', false, '2025-02-01 14:32:02', '2025-02-01 14:32:02');
INSERT INTO comment (member_id, post_id, parent_id, content, deleted, created_at, updated_at)
VALUES (1, 1, NULL, '세 번째 댓글 테스트입니다', false, '2025-02-01 14:32:03', '2025-02-01 14:32:03');
INSERT INTO comment (member_id, post_id, parent_id, content, deleted, created_at, updated_at)
VALUES (1, 1, NULL, '네 번째 댓글 테스트입니다', false, '2025-02-01 14:32:04', '2025-02-01 14:32:04');
INSERT INTO comment (member_id, post_id, parent_id, content, deleted, created_at, updated_at)
VALUES (1, 1, NULL, '다섯 번째 댓글 테스트입니다', false, '2025-02-01 14:32:05', '2025-02-01 14:32:05');
INSERT INTO comment (member_id, post_id, parent_id, content, deleted, created_at, updated_at)
VALUES (1, 1, NULL, '여섯 번째 댓글 테스트입니다', false, '2025-02-01 14:32:06', '2025-02-01 14:32:06');
INSERT INTO comment (member_id, post_id, parent_id, content, deleted, created_at, updated_at)
VALUES (1, 1, NULL, '일곱 번째 댓글 테스트입니다', false, '2025-02-01 14:32:07', '2025-02-01 14:32:07');
INSERT INTO comment (member_id, post_id, parent_id, content, deleted, created_at, updated_at)
VALUES (1, 1, NULL, '여덟 번째 댓글 테스트입니다', false, '2025-02-01 14:32:08', '2025-02-01 14:32:08');
INSERT INTO comment (member_id, post_id, parent_id, content, deleted, created_at, updated_at)
VALUES (1, 1, NULL, '아홉 번째 댓글 테스트입니다', false, '2025-02-01 14:32:09', '2025-02-01 14:32:09');
INSERT INTO comment (member_id, post_id, parent_id, content, deleted, created_at, updated_at)
VALUES (1, 1, NULL, '열 번째 댓글 테스트입니다', false, '2025-02-01 14:32:10', '2025-02-01 14:32:10');
INSERT INTO comment (member_id, post_id, parent_id, content, deleted, created_at, updated_at)
VALUES (1, 1, NULL, '열한 번째 댓글 테스트입니다', false, '2025-02-01 14:32:15', '2025-02-01 14:32:15');
INSERT INTO comment (member_id, post_id, parent_id, content, deleted, created_at, updated_at)
VALUES (1, 1, NULL, '열두 번째 댓글 테스트입니다', false, '2025-02-01 14:32:16', '2025-02-01 14:32:16');
INSERT INTO comment (member_id, post_id, parent_id, content, deleted, created_at, updated_at)
VALUES (1, 1, NULL, '열세 번째 댓글 테스트입니다', false, '2025-02-01 14:32:17', '2025-02-01 14:32:17');
INSERT INTO comment (member_id, post_id, parent_id, content, deleted, created_at, updated_at)
VALUES (1, 1, NULL, '열네 번째 댓글 테스트입니다', false, '2025-02-01 14:32:18', '2025-02-01 14:32:18');
INSERT INTO comment (member_id, post_id, parent_id, content, deleted, created_at, updated_at)
VALUES (1, 1, NULL, '열다섯 번째 댓글 테스트입니다', false, '2025-02-01 14:32:19', '2025-02-01 14:32:19');

INSERT INTO comment (member_id, post_id, parent_id, content, deleted, created_at, updated_at)
VALUES (2, 1, 1, '이건 첫 댓글에 대한 대댓글입니다', false, '2025-02-01 14:33:20', '2025-02-01 14:33:20');

INSERT INTO comment (member_id, post_id, parent_id, content, deleted, created_at, updated_at)
VALUES (2, 1, NULL, '[삭제된 댓글입니다]', true, '2025-02-01 14:34:00', '2025-02-01 14:34:00');

-- LIKE
INSERT INTO likes (member_id, post_id, created_at) VALUES (1,1, NOW());
INSERT INTO likes (member_id, post_id, created_at) VALUES (2,1, NOW());

--Bookmark
INSERT INTO bookmark (member_id, post_id, created_at) VALUES (1, 1,NOW());
INSERT INTO bookmark (member_id, post_id, created_at) VALUES (2, 1,NOW());

-- MAIL_LOG
INSERT INTO mail_log (member_id, post_id, status, retry_count, last_attempt_at, error_message, created_at)
VALUES
    (1, 27, 'SUCCESS', 0, NULL, NULL, NOW()),
    (2, 28, 'SUCCESS', 0, NULL, NULL, NOW()),
    (3, 29, 'SUCCESS', 0, NULL, NULL, NOW()),
    (4, 30, 'SUCCESS', 0, NULL, NULL, NOW()),
    (5, 31, 'SUCCESS', 0, NULL, NULL, NOW()),
    (6, 32, 'FAIL', 0, NULL, NULL, NOW());

-- Term dictionary --
INSERT INTO term (term, definition, created_at, updated_at)
VALUES
    ('5일선', '주가의 평균치를 이어놓은 이동평균선에서 사용되는 말로, 5일선이란 5일동안의 평균주가를 이어놓은 선을 가리킨다.', NOW(), NOW()),
    ('ABCP', 'Asset Backed Commercial Paper의 약어. 유동화전문회사(SPC)가 매출채권, 리스채권, 회사채 등 자산을 담보로 발행하는 기업어음(CP)이다.', NOW(), NOW()),
    ('AMA', '고객이 설정한 조건에 따라 상대적으로 고금리를 주는 예금이나 증권사로 자동이체·관리해주는 금융상품의 한 종류다.', NOW(), NOW()),
    ('BIC', 'Bank Identifier Code로 은행인식코드를 말한다.', NOW(), NOW()),
    ('국제결제은행', '국제결제은행은 1930년 1월 헤이그협정에 의거 설립된 중앙은행간 협력기구로 현존하는 국제금융기구 중 가장 오래된 기구이다.', NOW(), NOW()),
    ('BIS', '국제결제은행은 1930년 1월 헤이그협정에 의거 설립된 중앙은행간 협력기구로 현존하는 국제금융기구 중 가장 오래된 기구이다.', NOW(), NOW()),
    ('BOP', 'Base of Economic Pyramid의 약자로 최하 소득계층을 말한다.', NOW(), NOW()),
    ('CAMEL지수', '은행검사시스템으로 은행의 건전성, 경영실태를 평가하는데 사용된다.', NOW(), NOW()),
    ('CAPM', 'Capital Asset Pricing Model 의 약자로 주식이나 채권 등의 자본자산들의 기대수익률과 위험과의 관계를 도출해내는 모형이다.', NOW(), NOW()),
    ('CB', 'Credit Bureau의 약자로 개인신용 관련 정보를 토대로 신용도를 평가하는 기관.', NOW(), NOW()),
    ('CDO', 'Collateralized debt obligation(부채담보부증권)의 약자로 회사채나 금융기관의 대출채권, 여러 개의 주택담보대출을 묶어 만든 신용파생상품의 일종이다.', NOW(), NOW()),
    ('CD금리', 'CD(Certificate of Deposit)란 시장에서 양도가 가능한 정기예금증서를 말한다. 은행은 자금조달을 위해 CD를 발행하고 투자자는 투자의 목적으로 정기예금증서의 하나', NOW(), NOW()),
    ('CFaR', '금융기관이나 기업의 현금흐름의 리스크를 측정하는 지표이다. 리스크는 미래의 불확실성을 말하는데, 예를들어 현금흐름이 일정수준 이하가 되면 어려움에 직면하는 회사가 있다면 이 회사는', NOW(), NOW()),
    ('CMA', 'CMA(Cash Management Account)는 증권회사가 금융시장에 직접 참여하기 어려운 고객을 위해 예탁금을 MMF, RP, 기업어음 등의 금융자산에 투자하여 그 수익을', NOW(), NOW()),
    ('COFIX', 'COFIX(Cost of Fund Index)는 은행의 자금조달비용을 반영한 새로운 대출 기준금리를 말한다. 은행권에서는 주택담보대출시 CD 금리를 기준금리로 사용하고, 여기에다', NOW(), NOW()),
    ('COMESA', '동남아프리카 공동시장. 동남아프리카 지역의 안보와 평화를 실현하고 회원국간 경제협력을 강화하기 위해 1994년 설립된 국제기구이다.', NOW(), NOW()),
    ('DIB', 'Social Impact Bond(SIB) 모델에서 기반한 것으로 자원이 적은 국가의 경제적 개발을 지원하기 위해 행해지는 성과 기반 투자 수단이다.', NOW(), NOW()),
    ('DLS', 'DLS(Derivative Linked Securities)는 유가증권과 파생금융계약이 결합된 증권으로 기초자산의 가치변동과 연계한 증권이다.', NOW(), NOW()),
    ('Detal', '‘델타’는 기초자산 가격의 $1 변화에 대한 옵션 가격 변화율을 말한다. 다르게 말하면, 기초자산에 대한 옵션 가격의 민감도를 측정하는 단위이다.', NOW(), NOW()),
    ('ELS', 'ELS(Equity Linked Securities)는 개별 주식의 가격이나 주가지수와 연계되어 수익률이 결정되는 파생상품이다.', NOW(), NOW()),
    ('ELW', 'ELW(Equity Linked Warrant)는 주식 등의 자산을 미리 정한 만기에 정해진 가격에 사거나 팔 수 있는 권리를 나타내는 증권이다.', NOW(), NOW()),
    ('ETF', 'ETF(Exchange Traded Fund)는 말 그대로 인덱스펀드를 거래소에 상장시켜 투자자들이 주식처럼 편리하게 거래할 수 있도록 만든 상품이다.', NOW(), NOW()),
    ('ETN', '상장지수펀드(ETF)와 마찬가지로 거래소에 상장돼 손쉽게 사고 팔 수 있는 채권으로, 상장지수채권이라고도 한다.', NOW(), NOW()),
    ('EWE', '글로벌 금융위기 이후 세계경제의 위험요인에 대한 조기진단이 중요해지면서 국제통화기금(IMF)과 금융안정위원회(FSB)가 2009년 공동으로 도입한 조기경보 활동.', NOW(), NOW()),
    ('FOFs', '금융자산에 직접투자하지 않고 펀드 자체에 투자하는 것을 목적으로 하는 펀드로 재간접펀드라고 한다. 펀드가 가입하는 펀드(fund of funds)인 셈으로 `모태펀드''라고도 한다.', NOW(), NOW()),
    ('FSB', 'FSB는 1999년 국제금융시스템의 안정성을 증대하고 국제적 수준의 금융 감독을 위해 설립된 FSF(Financial Stability Forum, 금융안정포럼)가 확대ㆍ개편된 조', NOW(), NOW()),
    ('FTA', '상품 및 서비스의 교역에 대한 관세 및 무역장벽을 철폐함으로써 마치 하나의 국가처럼 자유롭게 상품과 서비스를 교역하게 하는 국가간 협정.', NOW(), NOW()),
    ('FTC', '불공정거래 행위를 규제하는 미국의 연방 기관으로, 1914년 연방거래위원회법을 근거로 하여 설립되었다. FTC의 주요 기능은 다음과 같다.', NOW(), NOW()),
    ('FTSE지수', '영국의 파이낸셜타임스와 런던거래소가 공동 설립한 FTSE인터내셔널에서 1999년부터 발표하는 지수. FTSE지수는 MSCI지수와 함께 세계시장을 대상으로 하는 대표적인 양대 지수로', NOW(), NOW()),
    ('G20', '1997년도 아시아 외환위기 이후, 국제금융의 취약성 감소를 위한 다양한 국제적 논의가 이루어지던 중 1999년 6월 독일에서 개최된 G7 재무장관회의에서 G7과 주요 신흥시장국들', NOW(), NOW()),
    ('G7/G8', '미국, 일본, 영국, 프랑스, 독일, 이탈리아, 캐나다 등 7개 선진국을 통상 G7(Group of 7)이라고 지칭한다.', NOW(), NOW()),
    ('GATT', '관세장벽과 수출입 제한을 없애고 국제무역을 증진시키기 위하여 1947년 제네바에서 미국을 비롯한 23개국이 조인한 국제무역협정이다. 제네바관세협정이라고도 한다.', NOW(), NOW()),
    ('GDP갭', 'GDP갭은 실제GDP와 잠재GDP의 차이를 의미한다. 잠재GDP는 한 나라의 생산 요소인 노동과 자본을 모두 사용하여 인플레이션을 가속하지 않으면서 달성할 수 있는 최대 수준의 G', NOW(), NOW()),
    ('GDP디플레이터', 'GDP디플레이터는 명목GDP를 실질GDP로 나눈 값에 100을 곱해 계산한 것이다. GDP는 한 나라에서 일정 기간 생산된 모든 최종 재화와 서비스의 시장 가치로 계산하는데, 명목', NOW(), NOW()),
    ('GP', '투자조합을 구성하는 출자자 중 조합의 채무에 대하여 무한책임을 지는 조합원으로 업무를 집행하는 조합원이다. 원칙적으로 조합에 대한 업무집행 및 회사대표의 권한을 지닌다.', NOW(), NOW()),
    ('GSP', '개발도상국의 산업화와 수출 경쟁력 강화를 통한 경제성장을 지원하기 위해 개도국에서 생산된 제품을 수입할 때 관세를 없애거나 세율을 낮춰 주는 제도.', NOW(), NOW()),
    ('Gasp', 'Growth At a Scottish Pie의 약자로 아시아 주식투자에 있어서 국가나 업종별 기준보다 합리적인 성장주를 골라내는 스타일 투자기준을 말한다.', NOW(), NOW()),
    ('HTS', 'HTS(Home Trading System, 홈트레이딩시스템)은 투자자가 주식을 사고팔기 위해 증권사 객장에 나가거나 전화를 거는 대신 집이나 사무실에 설치된 PC를 통해 거래할', NOW(), NOW()),
    ('IBRD', 'IBRD는 1946년 2차 세계대전 이후 유럽의 회복을 위해 설립되었으며, 세계은행그룹(World Bank Group)의 5개 기구 중 하나이다.', NOW(), NOW()),
    ('ICN회의', '경쟁정책에 관한 국제협의체. 2001년 10월 미국과 13개 운영위원국이 설립하였다. 오직 경쟁문제만을 다루고 경쟁 당국이 있는 나라는 모두 회원이 될 수 있다.', NOW(), NOW()),
    ('IMF포지션', '‘IMF포지션’(IMF Positoon)은 ‘IMF리저브포지션’(IMF Reserve Position)으로도 불리며, IMF 가맹국이 IMF에 의무적으로 납입한 출자금의 일정부분으', NOW(), NOW()),
    ('IRA', '개인형퇴직연금제도(Individual Retirement Pension)로 취업자가 재직 중에 자율로 가입하거나 이직시 받은 퇴직급여 일시금을 계속해서 적립·운용할 수 있는 퇴직연', NOW(), NOW()),
    ('IRR', '어떤 투자계획에서 발생하는 비용과 편익의 흐름이 있을 때, 해당 투자계획의 현재가치를 ‘0’으로 만들어주는 할인율을 ‘IRR’이라고 한다.', NOW(), NOW()),
    ('ISM지수', '미국의 공급자관리협회(ISM : Institute for Supply Management)가 미국내 20개 업종 400개 이상 회사를 대상으로 매달 설문조사를 실시해 산출하는 지수', NOW(), NOW()),
    ('KOAFEC', '2006년 출범한 한ㆍ아프리카 간 경제협력 협의체. 2년마다 열리는 장관급 회의와 운영기구인 KOAFEC 자문단 및 사무국(기획재정부ㆍ아프리카개발은행ㆍ한국수출입은행)으로 조직돼 있', NOW(), NOW()),
    ('KOFR', 'KOFR(Korea Overnight Financing Repo Rate, 한국무위험지표금리)는 국채, 통안증권을 담보로하는 익일물 RP 금리 기반의 우리나라 RFR을 일컫는다.', NOW(), NOW()),
    ('LP', '사모펀드(PEF)에 자금을 위탁하는 투자자를 말한다. 투자한 금액만큼 책임을 진다고 해서 유한책임사원이라고도 부른다.', NOW(), NOW()),
    ('LaR', '유동성 위험이란, 자금 부족으로 인하여 만기까지 거래 상대방의 자금운용에 어려움을 끼치게 되는 위험을 뜻하는 데, LaR은 이런 유동성 위험을 측정하는 수치이다.', NOW(), NOW()),
    ('M3', '통화지표의 한 종류로, 총통화(M2)에 제2금융권의 각종 예수금(즉, 비통화금융기관 예수금)과 금융기관이 발행하는 금융채, 표지어음매출, 상업어음매출 등을 합한 것.', NOW(), NOW()),
    ('MDB', '다수의 차입국 또는 개도국과 다수의 재원공여국 또는 선진국이 가입자격에 제한없이 참여해서 경제개발자금을 지원하는 은행.', NOW(), NOW()),
    ('MDRT', 'MDRT란 ‘Million Dollar Round Table(백만 달러 원탁회의)’의 약자로, 고객의 이익을 최우선으로 여기는 생명보험업계의 보험·재무 설계사들이 모여 있는 범세계', NOW(), NOW()),
    ('MMDA', 'Money Market Deposit Account의 약자로 수시 입출금식 예금을 말한다. 보통예금처럼 수시로 입출금할 수 있는 동시에 하루만 맡겨도 금리를 받을 수 있다는 장점이', NOW(), NOW()),
    ('MMF', '단기금융상품에 집중투자해 단기 금리의 등락이 펀드 수익률에 신속히 반영될 수 있도록 한 초단기 공사채형 금융상품이다.', NOW(), NOW()),
    ('MMW', '‘Money Market Wrap’의 약자로, 증권사 CMA(Cash Management Account ; 종합자산관리계좌)의 운용방식 중 하나다.', NOW(), NOW()),
    ('MOR', '어떤 금융기관이 대출금리를 정할 때 기준이 되는 금리를 말한다. 보통 은행은 정기예금, 양도성예금(CD), 은행채 등을 통해 자금을 조달하게 되는데, 이때 평균조달원가를 감안해 내', NOW(), NOW()),
    ('NDF', '본국의 세제나 운용상의 규제를 피해 금융ㆍ조세ㆍ외환관리 면에서 특전을 누릴 수 있도록 타국(역외)에서 운용하는 선물환으로, 파생금융상품의 일종이다.', NOW(), NOW()),
    ('NPL', '무수익여신(Non Performing Loan)을 뜻한다. 이는 부도 또는 법정관리에 들어가 3개월 이상 연체중인 업체에 대한 여신 중 손실발생이 예상되나 손실액을 정확히 알 수', NOW(), NOW()),
    ('OBV', 'On Balance Volume의 약자로 J.E 그랜빌에 의해 고안됐다. 거래량은 항상 주가에 선행한다는 것을 전제로 거래량분석을 통해 주가를 분석하는 방법이다.', NOW(), NOW()),
    ('OCIO', 'OCIO(Outsourced Chief Investment Officer)는 최고투자책임자(CIO)의 역할을 아웃소싱한 전문가에게 맡긴다는 의미로 위탁자산관리 전문가 또는 그업무라', NOW(), NOW()),
    ('OECD', 'OECD는 상호 정책조정 및 협력을 통해 회원국의 경제사회발전을 모색하고 나아가 세계경제문제에 공동으로 대처하기 위한 정부간 기구이다.', NOW(), NOW()),
    ('OTC', 'OTC는 증권거래소 밖에서 유가증권의 매매가 이루어지는 비조직적인 상대매매시장으로 점두시장, 장외시장, 창구거래이라고도 하며, 특히 채권유통시장에서 큰 역할을 하고 있다.', NOW(), NOW()),
    ('P&A', '부실금융기관의 자산과 부채를 우량 금융기관에 인수시키는 것을 말한다. 청산, 인수ㆍ합병(M&A) 등과 함께 부실 금융기관을 정리하는 방식 중 하나다.', NOW(), NOW()),
    ('P-CBO', 'CBO(Collateralized Bond Obligations)는 채권을 기초자산으로 하여 발행되는 자산담보부증권을 말하는데 이 중 신규로 발행되는 채권을 기초자산으로 발행하는', NOW(), NOW()),
    ('PECC', '태평양 연안 국가 간 경제협력과 지역사회 발전을 위해 설립된 민간경협기구. 아시아·태평양 경제협력체(APEC)가 정부 차원의 협의체라면 PECC는 민간 경제 자문기구다.', NOW(), NOW()),
    ('PEMNA', '아시아ㆍ태평양 국가들 간 재정제도, 정책, 경험 등을 공유하고 고위ㆍ실무급 간의 교류와 협력을 목적으로 설립된 국제기구.', NOW(), NOW()),
    ('PEP', '영국에서 소개된 PEP은 18세 이상 영국민에게 영국의 회사에 대해 투자할 수 있게 한 제도이다. 이 제도는 영국 기업에 대한 개인 투자를 확대하기 위해 실행되었고 세제 혜택도 제', NOW(), NOW()),
    ('PF대출', '돈을 빌려줄 때 자금조달의 기초를 프로젝트를 추진하려는 사업주의 신용이나 물적담보에 두지 않고 프로젝트 자체의 경제성에 두는 금융기법.', NOW(), NOW()),
    ('PIR', '주택 구매능력을 나타내는 지표. 집값 상승이나 하락세를 가늠할 때 소득 수준의 변화를 함께 고려하기 위해 고안된 지표다.', NOW(), NOW()),
    ('RAPM', 'RAPM(Risk Adjusted Performance Management)은 주로 금융기관에서 사용하는 위험을 고려한 성과관리를 말한다.', NOW(), NOW()),
    ('RAROC', 'RAROC(Risk Adjusted Return On Capital)은 RAPM에서 성과평가 지표로 가장 널리 사용되는 개념이다.', NOW(), NOW()),
    ('RP금리', 'RP란 일정기간 뒤 미리 정해진 가격으로 되사는 조건으로 판매하는 금융상품으로 RP금리는 이러한 상품의 금리이다. 증권사들이 판매하는 확정금리형 상품이다.', NOW(), NOW()),
    ('Recourse', 'Recourse(상환청구)는 만기일까지 어음금액이 지급되지 않았다거나, 만기 전이라 할지라도 그 지급이 현저하게 불확실한 경우에 어음소지인이 어음작성이나 유통에 관여한 자에 대해', NOW(), NOW()),
    ('Rho', '‘Rho(로)’는 1%의 이자율 변화에 따라 옵션의 가치가 얼마나 변화하는지를 측정한다. 즉 이자율에 대한 옵션 가격의 민감도를 표현한다. 예를 들어 ‘로’값이 0.', NOW(), NOW()),
    ('S&P', 'Standard & Poor''s(스탠더드 앤 푸어스)의 약자로 미국의 신용평가회사를 가리킨다. 세계적인 신용, 금융분석 및 신용등급기관으로, 무디스·피치와 함께 세계 3대 신용평가', NOW(), NOW()),
    ('SDR', 'IMF의 공적준비자산으로 1968년 4월 IMF이사회의 결의에 따라 1970년부터 도입됐다. SDR 도입에 따라 IMF에 출자금을 낸 가맹국은 국제수지가 악화됐을 때 무담보로 외화', NOW(), NOW()),
    ('SEPA', 'Single Euro Payment Area의 약자로 SEPA라 부른다. 유럽 내에 있는 개인이나 기업이 계좌 하나로 자유롭게 계좌이체할 수 있는 EU 내 국가를 말한다.', NOW(), NOW()),
    ('STOXX50', '유럽 대표기업 50개 종목으로 구성된 주가지수이다. 유로존 국가들 가운데 12개국의 50개 기업으로 구성되지만 국가별로 보면 프랑스와 독일 기업이 비중이 각각 30%를 넘고 스페인', NOW(), NOW()),
    ('TCE', 'FTA 체결로 회원국과 비회원국간에 상품과 서비스의 교역 및 투자 등이 이전보다 더 확대되는 효과', NOW(), NOW()),
    ('TDF', '근로자 은퇴날짜에 맞춰 펀드매니저가 알아서 주식과 채권비중을 조정해 운용하는 펀드이다. 투자자의 생애주기에 맞춰 글로벌 자산배분과 함께 주기적인 포트폴리오 재조정이 이루어 진다.', NOW(), NOW()),
    ('TRS', '총수익스왑(TRS)은 기초자산에서 발생하는 총수익과 일정한 약정이자를 일정 시점마다 교환하는 계약이다. 이 때 총수익에는 채권의 이표뿐 아니라 스왑 종료시점에서의 자본이득이나 자본', NOW(), NOW()),
    ('VIX', 'Volatility Index의 약자로 변동성지수라고 말한다. S&P 500지수 옵션과 관련해 향후 30일간의 변동성에 대한 투자기대지수를 가리킨다.', NOW(), NOW()),
    ('VaR', '위험 관리를 위해 만들어진 개념으로, 목표 보유기간 동안 일정한 신뢰수준에서 발생 가능한 최대손실금액을 통계적으로 표현한 수치이다.', NOW(), NOW()),
    ('WGBI', '씨티그룹이 관리하는 미국, 영국, 일본 등 선진국 정부채권으로 구성된 투자지수. 주식에서의 모건스탠리캐피탈인터내셔널지수(MSCI)나 파이낸셜타임스스톡익스체인지(FTSE)지수처럼 세', NOW(), NOW()),
    ('X-비효율', 'X-비효율은 기업의 내부 비효율성을 측정하는 지표로, 경제학자 라이벤스타인(Harvey Leibenstein)이 처음으로 사용한 용어이다.', NOW(), NOW()),
    ('YH사건', '1979년 YH무역 대표가 경영부실로 직장폐쇄를 하면서 YH노조 소속 여성근로자 187명을 해고했다. 여성 근로자들은 이에 항의하여 당시 야당이었던 신민당 당사에서 농성시위를 벌였', NOW(), NOW()),
    ('s-CBO', '채권을 기초로 발행되는 자산유동화증권(ABS)을 채권담보부 증권(CBO: Collateralized Bond Obligation)이라 한다.', NOW(), NOW()),
    ('underwriting', '언더라이팅은 투자 은행이 기업이나 정부를 대신해서 자본을 모으는 과정을 가리킨다. ‘언더라이터(underwritier)’라는 명칭은 특정 수준의 프리미엄 금액에 대해서 어느 정도', NOW(), NOW()),
    ('가격거품', '어떤 제품의 가격이 실제 가치보다 지나치게 오르는 현상.', NOW(), NOW()),
    ('가격고정', '경쟁자들 사이에서 행해지는 상품 또는 서비스 가격에 대한 합의를 말한다. 가격 고정은 직접적으로 가격 수준을 제한하는 행위는 물론이고, 생산 물량 제한이나 할인 금지와 같이 가격에', NOW(), NOW()),
    ('가격약속', '덤핑 수출이 있었을 때, 제품 수입국의 덤핑 피해가 제거되었다고 확신할 수 있을 만큼 수출업자가 해당 물품의 가격을 인상하거나 당해 지역 수출을 중지하겠다는 약속.', NOW(), NOW()),
    ('가격통제', '정부가 특정한 목적을 달성하기 위해 가격을 결정하여 강제하는 행위. 가격통제는 분양가 상한제처럼 시장가격보다 낮은 수준으로 가격을 통제하는 가격 상한제, 그리고 최저임금법처럼 시장', NOW(), NOW()),
    ('가격하한제', '가격하한제란 가격에 대한 정부의 규제의 일종으로, 가격이 일정 수준 이하로 낮아지는 것을 제도적으로 막는 것이다. 가격하한제의 예로는 최저임금제도가 있다.', NOW(), NOW()),
    ('가공무역', '다른 나라에서 원재료나 반제품을 수입하여 가공ㆍ제조해 만든 더 높은 수준의 반제품 또는 완제품을 수출하는 형태의 무역.', NOW(), NOW()),
    ('가교은행', '가교은행은 파산은행의 자산과 부채를 임시로 인수하여 합병, 채권ㆍ채무 관계 등 후속 조치를 수행하는 임시은행이다.', NOW(), NOW()),
    ('가등기담보', '가등기의 형식을 갖춘 담보형태를 말한다. 채권담보를 목적으로 하며 채무자 또는 제3자 소유의 부동산이 목적물이 된다.', NOW(), NOW()),
    ('가변비용', '생산량에 따라 변하는 비용. 예를 들면 원재료, 생산설비이용 비용 등이 있다. 가변비용에 대비되는 개념으로 고정비용이 있는데, 생산량과 관계없이 고정적으로 일정하게 들어가는 비용으', NOW(), NOW()),
    ('가산금', '국세를 납부기한까지 납부하지 아니한 때에 국세징수법에 의하여 고지세액에 가산하여 징수하는 금액과 납부기한 경과 후 일정기한까지 납부하지 아니한 때에 그 금액에 다시 가산하여 징수하', NOW(), NOW()),
    ('가산금리', '기준금리에 신용도 등의 조건에 따라 덧붙이는 금리를 가산금리(스프레드: spread)라고 한다. _x000D_ 즉, 대출 등의 금리를 정할 때 기준금리에 덧붙이는 위험가중 금리를', NOW(), NOW()),
    ('가상현실', '컴퓨터를 이용하여 만든 가상환경 내에서 사용자의 시각, 청각, 촉각 등 오감정보를 확장, 공유함으로써 현실세계에서 경험하지 못하는 상황을 실감나게 체험하도록 하는 기술이다.', NOW(), NOW()),
    ('가상화폐공개', '가상화폐 사업에 대한 자금을 모으기 위한 수단으로 이용된다. 가상화폐 스타트업이 자금 조달을 시도할 때 주로 활용된다.', NOW(), NOW()),
    ('가수요', '실수요에 대립되는 개념. 물가상승이 예상되거나 물자부족이 예상될 때 실제 수요가 없음에도 일어나는 예상수요. 가수요 현상이 지나칠 경우, 경제질서를 교란시켜 시장은 물론 국민경제에', NOW(), NOW()),
    ('가지급금', '용도나 액수를 확정하지 않은 채로 현금 지출이 발생한 경우 용도와 액수가 확정될 때까지 임시로 처리해 두는 가계정을 뜻한다.', NOW(), NOW()),
    ('가처분등기', '부동산을 사려는 사람들을 보호하는 제도이다. 매수자가 부동산을 인수하기 전에 매도자가 이 부동산을 다른 사람에게 다시 팔고 사라지는 경우가 종종 있다.', NOW(), NOW()),
    ('가처분소득', '가처분소득이란 국민소득 중 가계가 임의로 처분이 가능한 소득을 말한다. 가계가 일정기간 획득한 소득 중 각종 세금과 개인의 이자지급 등의 세외부담을 제외하고 사회보장금이나 연금과', NOW(), NOW()),
    ('가치사슬', '생산 단계별로 부가가치가 생산되는 과정을 개념화하는 방법 중 하나.', NOW(), NOW()),
    ('간이정액환급', '간이정액환급제도는 중소기업 수출물품에 대한 관세환급 절차를 간소화하기 위하여 관세납부증명서(수입 신고필증 등)와 소요량계산서 제출을 생략하고 수출 신고필증만으로 간소하게 환급금을', NOW(), NOW()),
    ('간접비', '매매상품 또는 서비스와 직접 관련되지 않은 기업경영 시 발생되는 간접비용을 ''간접비''라고 한다. 근로자임금이나 생산재원가 등은 직접원가에 포함되며 전기료, 보험료, 복리비용 등은', NOW(), NOW()),
    ('간접세', '세금을 납부할 의무가 있는 납세의무자와 세금을 최종적으로 부담할 담세자가 일치하지 않는 조세. 예를 들어 부가가치세는 판매자가 납부하지만, 상품이나 서비스의 가격에 이미 포함되어', NOW(), NOW()),
    ('간주임대료', '임대업자가 부동산을 빌려주고 전세금이나 보증금을 받았을 때 이 돈에 대한 이자소득도 수입으로 간주하고 이를 과세표준에 포함하는 것.', NOW(), NOW()),
    ('간편결제서비스', '결제 정보를 암호화된 형태로 전자 장치에 미리 등록하고, 생체인증 또는 비밀번호 입력 등 간단한 인증만으로 온라인과 오프라인 상거래에서 빠르고 간편하게 결제할 수 있는 서비스이다.', NOW(), NOW()),
    ('갈라파고스경제', '고립경제를 일컫는 말. 갈라파고스(Galapagos)는 남아메리카로부터 1,000km 떨어진 적도 주위의 태평양 16개 화산섬과 주변 암초로 이뤄진 섬들이 있는 지역 명칭이다.', NOW(), NOW()),
    ('감가상각', '자산의 공정가치로 평가하여 가치감소분을 비용으로 보는 것(가치평가과정)을 경제적 감가상각이라 하고, 자산의 사용에 따라 수익이 창출되는 기간에 그에 대응하는 비용을 인식하는 것(원', NOW(), NOW()),
    ('감가상각비', '시간이 경과함에 따라 노후되는 설비의 원가에 대해 사용기간 등에 의한 물리적, 경제적 가치하락의 감소분을 감가상각이라 하고 감가상각된 금액이나 비율로 나온 금액을 감가상각비라 한다', NOW(), NOW()),
    ('감마', '‘감마’는 옵션의 기초자산 가격 변화에 따른 옵션의 ‘델타’ 값의 변화분을 말한다. 이는 다르게 말하면 옵션 가격의 2차 민감도라고 볼 수 있다.', NOW(), NOW()),
    ('감채기금계수', '상환기금률. 미래에 일정금액을 얻기 위해 매기 불입해야 할 일정한 금액을 감채기금이라 하고, n년 후 1원을 만들기 위해 매년 불입할 액수를 감채기금계수라 한다.', NOW(), NOW()),
    ('개발원조위원회', '경제협력개발기구(OECD) 산하 위원회의 하나로, 개발도상국 등에 대한 대외원조를 지원하기 위해 원조 공여국들이 설립한 조직이다.', NOW(), NOW()),
    ('개별공시지가', '국토부장관이 전국의 토지 중 대표성이 높은 표준지의 공시지가를 결정하고, 부동산가격공시 및 감정평가에 관한 법률에 의해 표준지공시지가를 기준으로 시장, 군수, 구청장이 개별토지의', NOW(), NOW()),
    ('개인신용평가시스템', '대출 신청 시 작성하는 인적 사항과 직장, 소득현황, 재무상태 등 신용과 관련된 모든 사항을 항목별로 점수화해 이 점수에 따라 대출 가능 여부와 대출 금액을 산정하는 시스템이다.', NOW(), NOW()),
    ('개인신용회복지원제도', '금융채무불이행자(과거 신용불량자)의 경제적 재활을 돕기 위한 제도이다. 금융기관이 개인 또는 개인사업자 중 협약 등에서 규정하는 일정한 요건을 갖춘 채무자에게 상환기간 연장, 분할', NOW(), NOW()),
    ('개인워크아웃', '개인워크아웃이란 신용회복지원을 통해 경제적인 재기를 할 수 있도록 지원하는 제도를 뜻한다. 신용회복지원의 적격여부를 심사하여 채무의 상환기간연장, 이자율조정, 채무감면 등의 방법으', NOW(), NOW()),
    ('개인자산통합관리서비스', '증권사ㆍ은행ㆍ신용카드사ㆍ보험사 등 각 금융기관에 분산돼 있는 개인의 모든 금융자산을 모아 한군데서 관리하고 온라인 서비스를 제공하는 시스템을 말한다.', NOW(), NOW()),
    ('개인퇴직계좌', '근로자가 직장을 그만두거나 직장을 옮길 때 받은 퇴직금이나 퇴직연금 일시금 등을 자신 명의의 계좌에 적립했다가 마지막 직장에서 퇴직 후 수급자격이 되면 연금이나 일시금으로 받을 수', NOW(), NOW()),
    ('개호보험', '스스로 일상생활을 꾸려나가지 못하는 ''개호'' 상태인 노인들의 보장수요를 겨냥한 일본의 간병보험상품.  신체장애나 질병 등으로 인해 스스로 일상생활을 유지하지 못하고 남의 도움이 필', NOW(), NOW()),
    ('갭투자', '매매가격과 전세가격의 차이가 작은 주택을 전세를 끼고 매입한 뒤 시세차익을 노리는 투자를 말한다. 갭투자에서 갭(gap)이 의미하는 것은 주택 매매가와 전세보증금의 차이이다.', NOW(), NOW()),
    ('거래강제', '자신의 요구를 거절하기 어려운 위치에 있는 거래 상대방에게 자신이 지정하는 사업자와 거래하도록 강제하는 행위이다. 끼워 팔기, 사원판매, 기타의 거래강제 등 3개의 유형이 있다.', NOW(), NOW()),
    ('거래거절행위', '특정사업자에게 상품 또는 서비스를 부당하게 공급하지 않거나 제한하는 행위를 말한다. 거래거절 행위는 계속적인 거래관계를 거절하는 행위, 신규의 거래 개시를 거절하는 행위, 거래자체', NOW(), NOW()),
    ('거북선펀드', '노후화된 해양경찰청 경비함정을 교체하기 위해 정부 주도 아래 민간자본이 참여한 관공선 전용 선박펀드. 개인투자자는 당초 정해진 안정적인 수익을 얻을 수 있고，일반 펀드보다 저율과세', NOW(), NOW()),
    ('거시건전성부담금', '우리 경제의 거시건전성을 높이고 금융시스템의 안정을 도모하고자 은행에 부과하는 부과금. G-20 피츠버그정상회의(‘09.', NOW(), NOW()),
    ('거시경제지표', '국민경제 전체의 움직임을 보여주는 경제지표. 국민소득, 물가, 국제수지, 실업률, 환율, 통화증가율, 이자율 등이 여기에 속한다.', NOW(), NOW()),
    ('거주자외화예금', '국내에 거주하는 사람이나 기업이 외화를 원화로 환전하지 않은 채 그대로 국내 예금 계좌에 예치할 수 있는 제도.', NOW(), NOW()),
    ('게임이론', '경제주체들이 경쟁상대의 행위를 고려하여 자신의 이익을 도모하는 전략적 행위 그리고 이것의 사회적 결과가 무엇인지 분석하는 경제학 분야', NOW(), NOW()),
    ('견질어음', '금융기관이 기업에 대출해 줄때 기업으로부터 담보로 위임받는 어음을 말한다. 채권금액과 발행날짜, 만기일을 마음대로 적을 수 있어 일종의 백지어음의 성격을 갖는다.', NOW(), NOW()),
    ('결산', '회계연도 내에 발생한 수입과 지출을 계산해 재산상태를 파악할 수 있도록 한 것. ''기업회계상 결산''과 ''정부회계상 결산''이 있다.', NOW(), NOW()),
    ('결제통화', '결제통화(Currency of Settlement)란 국가 간 무역거래 시 결제에 사용되는 통화를 말한다. 세계 각국은 각각 자기 나라의 무역결제에 사용하는 통화를 지정하고 있는데', NOW(), NOW()),
    ('경기동행지수', '동행지수(coincident composite index)의 약자로 CCI라고도 부른다. 현재의 경기 상태, 동향을 파악하고 예측하는 경기종합지수의 하나다.', NOW(), NOW()),
    ('경기선행지수', '장래의 경기동향을 측정하는 지표. 산업활동과 주택동향, 금융통화 현황 등 각종 경기 관련 지표의 흐름을 복합적으로 따져 6개월 후의 경기흐름을 가늠한다.', NOW(), NOW()),
    ('경기순환', '한 경제의 전반적인 활동 수준이 상당한 규칙성을 보이며 확장과 수축 국면이 반복해 나타나는 현상. 경기순환은 호황기, 후퇴기, 불황기, 회복기의 4가지 국면으로 나눌 수 있다.', NOW(), NOW()),
    ('경기안정화정책', '경기변동의 진폭을 줄여 경제의 안정적 성장을 도모하고자 하는 정책. 크게 재정정책과 통화정책(금융정책)으로 나눌 수 있다.', NOW(), NOW()),
    ('경기종합지수', '경기변동의 국면ㆍ전환점과 속도ㆍ진폭을 측정할 수 있도록 고안된 지표 중 하나. 국민경제의 각 부문을 대표하고 경기 대응성이 양호한 경제지표들을 선정한 후 이를 가공, 종합하여 작성', NOW(), NOW()),
    ('경락잔금대출', '경매는 일반적인 매매와 달리 낙찰 때 10~20% 가량을 보증금으로 내고 낙찰 후 45일 이내에 잔금을 치른다.', NOW(), NOW()),
    ('경매', '경제학에서는 경매를 참여자가 제시하는 금액에 따라 자원배분 방법과 가격을 결정하는 규칙들을 명시해 놓은 시장으로 정의한다.', NOW(), NOW()),
    ('경상경비', '대체로 정부, 지방자치단체가 행정활동을 수행, 운영하는데 필요한 고정적 비용을 말하며 인건비, 부서운영비, 업무추진비 등이 포함된다.', NOW(), NOW()),
    ('경상수지', '재화나 서비스를 외국과 사고 파는 거래와 외국에 투자한 대가로 벌어들이는 배당금, 이자 등의 소득거래 및 대가없이 이전되는 이전거래가 계상되는 경상계정의 수지차이를 의미한다.', NOW(), NOW()),
    ('경상이익', '기업의 운영을 통해 발생하는 수익과 비용을 경상이익이라 한다. 일시적으로 발생하는 특별이익 등은 포함하지 않고 순수하게 기업의 실질적인 운영에 의한 이익을 나타낸다.', NOW(), NOW()),
    ('경실련', '‘경제정의실천시민연합’이라는 시민단체의 줄인 말이다. 시민의 뜻을 모으고 힘과 지혜를 합하여 원하는 사람은 모두가 일할 수 있고, 일한 만큼 대접받으며, 일할 수 없는 사람도 보호', NOW(), NOW()),
    ('경쟁제한규제', '개인이나 기업 등 민간 경제주체가 시장에 참여하는 과정에서 자율적으로 결정해야 할 사항에 정부, 준정부기관 등 제 3자가 개입하는 일련의 규제.', NOW(), NOW()),
    ('경제고통지수', '국민들이 피부로 느끼는 경제적 삶의 어려움을 계량화해서 수치로 나타낸 것. 물가상승률과 실업률을 합한 다음 소득증가율이나 국내총생산 증가율을 빼서 수치로 나타낸다.', NOW(), NOW()),
    ('경제관계장관회의', '정부의 경제정책 운영과 재정지출에 관한 사항 전반을 논의하는 회의체. 2013년 4월2일 기존의 ''경제정책조정회의''를 ''경제관계장관회의''로 확대ㆍ개편하는 내용의 ''경제정책조정회의', NOW(), NOW()),
    ('경제부총리', '2013년 3월부터 부활한 경제부총리제는 기획재정부 장관이 경제부총리를 겸하는 것을 골자로 한다. 경제부총리의 주요 역할은 정부의 경제정책에 대하여 국무총리의 명을 받아 관련된 중', NOW(), NOW()),
    ('경제불쾌지수', '한 나라의 경제에 대한 국민들의 불만 정도를 나타내는 지수. 소비자물가 상승률과 실업률을 합한 다음 실질 경제성장률을 뺀 수치다.', NOW(), NOW()),
    ('경제성장률', '일정 기간(분기 또는 연간) 동안 한 나라의 경제 규모가 변화한 정도. 흔히 t기의 경제성장율은 [(t기의 경제 규모 - t-1기 경제 규모)/ t-1기 경제 규모] X 100으로', NOW(), NOW()),
    ('경제신뢰지수', '현재 및 미래의 경제상황에 대한 국민들의 인식을 측정하는 지표. 미국 갤럽에서 조사하는 미국경제신뢰지수 (U.S Economic Confidence Index)의 경우, 1) 현재', NOW(), NOW()),
    ('경제자유구역', '외국인투자기업의 경영환경과 외국인의 생활여건을 개선함으로써 외국인투자를 촉진하기 위하여 지정한 지역. 우리나라는 국가경쟁력을 높이기 위하여 2002년 범정부 차원에서 마련한 ‘동북', NOW(), NOW()),
    ('경제자유지수', '세계각국의 경제활동 자유 정도를 수치화한 지수. 한 나라의 법과 제도 등이 개인의 소유자원을 처분, 소유할 수 있는 자유를 어느 정도로 잘 지켜주는가를 평가하는데 도움이 된다.', NOW(), NOW()),
    ('경제정의실천시민연합', '‘경제정의실천시민연합’이라는 시민단체의 줄인 말이다. 시민의 뜻을 모으고 힘과 지혜를 합하여 원하는 사람은 모두가 일할 수 있고, 일한 만큼 대접받으며, 일할 수 없는 사람도 보호', NOW(), NOW()),
    ('경제지대', '어떤 생산요소를 구입하는데 지급한 금액 중 일반적으로 지급해야 할 수준 이상으로 지급한 부분.', NOW(), NOW()),
    ('경제투표', '유권자가 지역정서나 혈연, 이미지가 아닌 특정 경제지표를 토대로 투표하는 행위. 거시경제 지표뿐 아니라 개인적인 경제사정에 의한 투표 행위도 여기에 포함된다.', NOW(), NOW()),
    ('경제특구', '외국자본과 기술의 국내유치를 위해 각종 인프라 및 세제 및 행정적 특혜 등을 제공하는 특정지역 또는 공업단지. 중국이 1979년 광동성의 심천ㆍ주해ㆍ산두, 복건성 등에 처음 설치하', NOW(), NOW()),
    ('경제활동인구', '생산가능인구 가운데 일을 하고 있거나 (취업자) 일할 의사가 있지만 일자리가 없는 사람 (실업자)의 합. 즉 경제활동인구 = 취업자+실업자', NOW(), NOW()),
    ('경제후생지표', '국민총생산량인 GDP가 복지지표로서 갖는 한계를 보완하기 위해 미국의 노드하우스(W. D. Nordhaus)와 토빈(J. Tobin)이 제안한 개념이다.', NOW(), NOW()),
    ('경착륙/연착륙', '경착륙(hard landing)은 항공기가 급격히 고도를 낮추면서 활주로에 진입하거나 착륙하는, 연착륙(soft landing)은 비행기나 우주선이 기체에 무리가 가지 않도록 활주', NOW(), NOW()),
    ('계속거래', '「방문판매 등에 관한 법률」에 의해 1개월 이상의 기간 동안 계속하여 상품이나 서비스를 공급하는 계약을 체결하고 판매하는 거래를 말한다.', NOW(), NOW()),
    ('계약형지배구조', '퇴직연금의 지배구조는 계약형 및 기금형으로 대별할 수 있다. 현행 우리나라의 퇴직연금은 계약형에 해당한다. 계약형이란 사용자와 근로자가 합의 하에 퇴직연금 사업자 즉 금융회사와 계', NOW(), NOW()),
    ('계절관세', '동종물품, 유사물품 또는 대체물품의 수입으로 국내시장이 교란되거나, 해당 물품의 생산기반이 붕괴될 우려가 있을 때 계절구분에 따라 당해 물품의 국내외 가격차에 상당하는 비율의 범위', NOW(), NOW()),
    ('계좌이동서비스', '여러 금융회사에 등록되어 있는 본인의 자동이체 등록정보를 일괄 조회하고 동 정보를 해지 또는 변경하는 통합서비스로 자동이체 통합관리서비스라고도 불린다.', NOW(), NOW()),
    ('고객예탁금', '투자자들이 주식을 사기 위해 증권회사에 일시적으로 맡겨 놓은 예수금이다. 고객예탁금은 예금자 보호법에 따라 보호될 뿐 아니라 증권거래법에 의해 증권금융에 별도로 예치돼 관리되므로', NOW(), NOW()),
    ('고용률', '생산가능인구 중 취업자가 차지하는 비율. 취업 인구 비율이라고도 불리며, 실질적인 고용창출능력을 나타낸다.', NOW(), NOW()),
    ('고용탄력성', '경제성장에 따른 고용흡수 능력을 나타내며 ‘취업자 증가율／실질 국내총생산(GDP) 증가율’로 산출한다. 즉, 한 경제가 1% 성장했을 때에 고용이 몇 퍼센트(%) 변화하였는가를 나', NOW(), NOW()),
    ('고정금리', '일반적으로 금리는 ''고정금리’와 ''변동금리''로 나눌 수 있다. 고정금리는 상품에 가입한 기간 동안 시중금리가 아무리 큰 폭으로 변하더라도 이자율이 변하지 않는 것을 의미한다.', NOW(), NOW()),
    ('고정비용', '어떤 재화를 생산하기 위해 자본이나 노동 등의 생산요소를 투입하게 되는데, 이때 이 생산요소를 투입하는 결정을 자유자재로 조절할 수 없는 경우 고정비용이 존재한다고 한다.', NOW(), NOW()),
    ('고정환율제도', '환율 변동을 인정하지 않거나 환율을 일정 범위 내로 고정시켜서 안정을 꾀하는 환율제도. 고정환율제도는 환율이 안정적으로 유지됨에 따라 경제활동의 안정성이 보장되어 대외거래를 촉진시', NOW(), NOW()),
    ('골드만삭스', '국제 금융 시장을 주도하는 대표적인 투자은행 겸 증권회사. 1869년 독일계 유대인 마르쿠스 골드만이 뉴욕에 차린 약속어음 거래 회사를 모체로 시작됐다.', NOW(), NOW()),
    ('골든크로스', '주가나 거래량의 단기 이동평균선이 중장기 이동평균선을 아래에서 위로 돌파해 올라가는 현상.   대개 주가상승의 신호로 해석된다.', NOW(), NOW()),
    ('골디락스', '성장세가 지속되더라도 인플레이션 우려가 거의 없는 이상적인 경제 상황. 골디락스는 골드(Gold, 금)와 락(lock, 머리카락)의 합성어로, 금발머리를 뜻하는 소녀의 이름이기도', NOW(), NOW()),
    ('공개매수', '경영권을 지배하기 위해 주식의 매입을 희망하는 자가 매입 기간, 수량, 가격을 공표해서 증권시장 밖에서 공개적으로 매수하는 방법을 말한다.', NOW(), NOW()),
    ('공개시장조작', '중앙은행이 국채 및 기타 유가증권 매매를 통해 금융기관과 민간의 유동성을 변동시켜 시장금리에 영향을 주는 정책수단이다.', NOW(), NOW()),
    ('공개입찰', '계약의 목적물을 공고하여 일정한 자격이 있는 불특정 다수의 희망자로 하여금 경쟁 입찰시킨 후 계약주체에 가장 유리한 조건을 제시한 자를 선택하여 이와 계약을 체결하는 방식이다.', NOW(), NOW()),
    ('공공재', '비경합성(non-rivalry)과 비배제성(non-excludability)을 가지고 있어 시장에서 공급이 되기 어려운 재화. 국방서비스, 도로, 항만, 등이 대표적 예다.', NOW(), NOW()),
    ('공리주의', '영국의 철학자 벤담(J. Bentham)과 경제학자 밀(J. S. Mill)이 주장한 정치 철학을 말한다. 공리주의는 효용은 행복이나 만족의 척도이며 정부는 사회 구성원 전체가 느', NOW(), NOW()),
    ('공모', '회사를 설립하거나 증자할 때 일반투자자들로부터 자금을 모집하는 것을 말한다. 주식 공모는 불특정다수를 대상으로 신주를 발행하여 청약자를 모집한다.', NOW(), NOW()),
    ('공모주청약', '기업이 공개를 통해 증권시장에 상장되는 경우 일반인으로부터 청약을 받아 주식을 배정하는 것을 의미한다. 공모주 청약에 의한 주식의 취득은, 공모 주식이 증권거래소에 상장된 후 주가', NOW(), NOW()),
    ('공모펀드', '공모펀드(Public Offering Fund)는 사업 확장 혹은 투자 확대를 위해서 회사의 증권이나 여타 금융 상품을 공공 시장에서 판매된다.', NOW(), NOW()),
    ('공실률', '공실(空室)은 비어있는 방이나 집을 뜻한다. 즉, 공실률은 업무용 빌딩에서 임대되지 않고 비어있는 채로 있는 사무실이 차지하는 비율을 말한다.', NOW(), NOW()),
    ('공유가치창출', '기업이 특정 사업을 함에 있어 기업의 문제뿐 아니라 기후변화, 경제양극화 등 사회적 문제 해결을 위해 노력하면 기업의 수익 증진뿐 아니라 사회 전체의 이익도 증진시킬 수 있다는 개', NOW(), NOW()),
    ('공유경제', '개인 소유를 기본 개념으로 하는 전통 경제와 대비되는 개념으로 집이나 자동차 등 자산은 물론 지식이나 경험을 공유하며 합리적 소비ㆍ새로운 가치 창출을 구현하는 신개념 경제.', NOW(), NOW()),
    ('공인회계사', '공인회계사 시험 등에 의해 자격을 얻을 수 있는 회계, 세무, 재무 등의 업무를 담당하는 전문가', NOW(), NOW()),
    ('공적개발원조', '중앙 및 지방정부를 포함한 공공기관이 개발도상국(또는 개발도상국에 대한 원조에 관여하는 국제기구)의 경제개발과 복지증진을 위해 개도국 또는 국제기구에 공여하는 증여 및 양허적 성격', NOW(), NOW()),
    ('공적부조', '국가나 지방공공단체가 생활능력이 없는 사람에게 최저 한도의 생활수준을 보장해 인간다운 생활을 영위할 수 있도록 재정적 보호 또는 원조를 해주는 것.', NOW(), NOW()),
    ('공적연금', '우리나라의 공적연금제도는 일반국민 대상의 국민연금제도와 특수직 종사자 대상의 군인연금ㆍ공무원연금ㆍ사립학교교원연금 제도가 있다.', NOW(), NOW()),
    ('공정거래법', '정식 명칭은 ‘독점규제 및 공정거래에 관한 법률’이다. 사업자의 시장지배적지위의 남용과 과도한 경제력의 집중을 방지하고, 부당한 공동행위 및 불공정 거래행위를 규제하여 공정하고 자', NOW(), NOW()),
    ('공정거래위원회', '독점 및 불공정거래에 관한 사안을 심의ㆍ의결하기 위해 설립된 국무총리 소속의 중앙행정기관이자 합의제 준사법기관으로 경쟁정책을 수립ㆍ운용하며 공정거래관련 사건을 심결ㆍ처리하는 역할을', NOW(), NOW()),
    ('공정무역', '공정무역이란 국가간에 동등한 위치에서 이루어지는 무역을 말한다. 최근 다양한 상품 생산에 있어 공정한 가격을 지불토록 촉진하기 위한 국제적 사회 운동으로 추진되고 있는데, 이는 윤', NOW(), NOW()),
    ('공채', '공채(Public Debt, Government Debt). 재정 조달을 위해 국가 또는 지방자치단체에서 발생시키는 채무를 의미한다.', NOW(), NOW()),
    ('공탁', '법령의 규정에 따른 원인에 의하여 금전, 유가증권, 기타의 물품 등을 공탁소에 맡겨 일정한 목적(변제, 담보 등)을 달성하게 하는 제도를 말한다.', NOW(), NOW()),
    ('공포지수', '일부 국가에서 경제위기가 발생하면 세계로 확산되는 등 다양한 공포가 발생한다. 이런 공포는 주식시장에 매도를 일으키고 불안함으로 시장의 변동성이 커지면서 투매를 불러 공포가 더욱', NOW(), NOW()),
    ('과점시장', '어떤 재화의 수요자 또는 공급자가 소수인 상황. 우리나라의 경우 이동통신회사가 과점시장의 대표적인 예라고 할 수 있다.', NOW(), NOW()),
    ('관리종목', '영업정지 또는 부도발생 등과 관련해 주권의 상장 또는 등록 폐지 기준에 해당되는 종목을 말한다. 일반투자자에게 주의를 환기시키고 투자에 참고하도록 하기 위해 시장운영주체인 증권거래', NOW(), NOW()),
    ('관리변동환율제', '환율의 결정을 외환시장의 수급에만 전적으로 의존하지 않고 중앙은행이 외환시장에 직·간접적으로 개입하여 환율을 조정하는 것을 말한다.', NOW(), NOW()),
    ('관세', '외국으로부터 수입하거나 외국에 수출하는 상품에 대해 부과하는 세금.', NOW(), NOW()),
    ('관세장벽', '수입을 억제하기 위해 높은 관세를 부과하는 것. 수입을 억제하고 국산품 소비를 장려함으로써 무역수지를 개선하고 국내산업을 보호하기 위해 사용되는 정책수단이다.', NOW(), NOW()),
    ('교역조건', '수출품과 수입품의 상대적 가격 비율로서 수출 가격 지수를 수입 가격 지수로 나눈 값으로 계산한다. 교역조건은 수출품 1단위를 판매하여 수입품을 얼마나 구매할 수 있는지를 나타낸다.', NOW(), NOW()),
    ('교역촉진법', '늘어나는 경상수지 적자를 해소하기 위해 환율조작국에 직접 제재를 가할 수 있도록 법적인 근거를 담은 미국 법안.', NOW(), NOW()),
    ('교차보조', '시장 지배적 사업자가 독점력을 이용하여 얻은 초과이윤을 동종의 다른 사업장에 보조하는 것. 즉, 높은 수익이 발생하는 사업장의 이익을 수익성이 떨어지는 사업장에 지원하는 행위이다.', NOW(), NOW()),
    ('교환사채', '투자자가 보유한 채권을 일정시일 경과 후 발행회사가 보유중인 다른 회사 유가증권으로 교환할 수 있는 권리가 있는 사채를 말한다.', NOW(), NOW()),
    ('구매력평가지수', '각 국가의 물가 수준을 감안해 산출한 국내총생산(GDP)으로, 화폐의 구매력으로 GDP를 조정해 각 국가별 실제 구매력을 나타낸 것', NOW(), NOW()),
    ('구분계리', '유배당 상품과 무배당 상품에서 생긴 손익을 구분해서 관리하는 것. 현재 상장 문제와 맞물려 있는 구분계리제도는 기존 평균준비금 방식 대신 투자연도 방식과 자산구분 방식 등이 대안으', NOW(), NOW()),
    ('구상무역', '무역에서 대금결제시 화폐가 사용되지 않거나 부분적으로만 이용되는 경우를 총칭하는 것. 바터무역(barter trade)이라고도 한다.', NOW(), NOW()),
    ('구속조건부거래', '정당한 이유 없이 사업자가 거래 상대방의 사업 활동을 부당하게 구속하는 조건을 내걸고 거래하는 행위를 말한다. 구속조건부거래의 유형으로는 배타조건부 거래와 거래지역, 거래 상대방', NOW(), NOW()),
    ('구제금융', '기업, 은행, 국가, 개인 등이 도산 또는 지급불능 등의 위기에 처해있을 때 이들을 구제하기 위해 민간 및 공공 자금이 지원되는 것을 말한다.', NOW(), NOW()),
    ('구조화금융', '자금조달과 운용, 리스크관리를 위해 발행자 또는 자산의 소유자가 기존의 금융상품으로 원하는 목적을 달성할 수 없을 경우에 금융상품들을 다양한 벙법으로 구조화하는  ​금융공학기법을', NOW(), NOW()),
    ('구주매출', '대주주나 일반주주 등 기존 주주가 이미 보유하고 있는 주식지분 중 일부를 일반인들에게 공개적으로 파는 것을 말한다.', NOW(), NOW()),
    ('구직단념자', '오랜 기간 동안 직장을 찾다가 실패하여 구직 활동을 포기한 사람으로 실망 실업자라고도 부른다. 이들은 고용 통계에서 일할 의사가 없는 사람으로 취급되어 실업자가 아니라 비경제 활동', NOW(), NOW()),
    ('구축효과', '정부지출 증가 때문에 민간부문의 투자나 소비가 감소하는 현상. 정부가 경기 부양을 위해 세금을 걷지 않고 지출을 늘리려면 국채를 발행해서 돈을 빌려야 하는데, 그럴 경우 민간에서', NOW(), NOW()),
    ('국가신용등급', '국가의 채무상환능력을 평가한 지표. 국가의 신용 등급은 외환보유액, 외채구조(장단기) 등 대외 부문의 건전성과 거시경제 여건, 재정 건전성, 금융 및 기업 부문의 경쟁력, 노동시장', NOW(), NOW()),
    ('국내여신', '통화금융기관이 국내의 여러 경제부문에 제공한 신용. 여신이란 금융기관이 기업 등에 돈을 빌려주거나 보증을 서주는 등의 신용을 제공하는 것으로, 경제상황에 따라 규제하거나 완화해 시', NOW(), NOW()),
    ('국내총생산/국민총생산', '국내총생산 (GDP: Gross Domestic Product)은 ‘한 나라 영토 내에서 일정 기간 동안 생산된 모든 최종생산물과 서비스의 시장가치의 합’이다.', NOW(), NOW()),
    ('국민부담률', '세금에 사회보장기여금(건강보험, 고용보험, 산재보험, 국민연금, 공무원연금 등)을 합한 수치가 GDP에서 차지하는 비중.', NOW(), NOW()),
    ('국민총소득', '국민총소득 (GNI: Gross National Income)은 한 나라 국민이 생산 활동에 참여한 대가로 받은 소득의 합계로, GNI는 GNP와 동일하다.', NOW(), NOW()),
    ('국부펀드', '국부펀드는 영어로는 Sovereign Wealth Fund(SWF)라고도 불리며, 정부가 외환보유고와 같은 자산을 가지고 주식, 채권 등에 출자하는 투자 펀드이다.', NOW(), NOW()),
    ('국제노동기구', '근로조건 개선, 생활수준의 향상 등 노동자의 지위를 보호하기 위해 설립된 국제 기구. 1944년 제26차 총회에서 채택된 ‘필라델피아 선언’에서 “세계평화는 사회정의에 기초했을 때', NOW(), NOW()),
    ('국제수지', '일정기간 동안 한 나라와 다른 나라 사이에 발생한 경제적 거래에 따른 수입과 지급의 차이를 말한다. 국제수지는 과거엔 무역수지, 무역외수지, 이전수지로 구분되었으나, 1997년부터', NOW(), NOW()),
    ('국제신인도', '국가신용도''와 같은 뜻. 국가의 채무 이행 능력과 의사 수준을 표시한 등급. 한 나라의 채무 이행 능력과 의사가 얼마나 있는지를 표시한 것으로 국제금융시장에서 차입금리나 투자여건을', NOW(), NOW()),
    ('국제조세경쟁', '해외의 생산요소를 자국으로 유인하기 위해 경쟁적으로 각종 세제 혜택을 제공하는 것.', NOW(), NOW()),
    ('국제통화기금', '외환시장 안정 및 국제 유동성 확대 보장을 목적으로 설립된 국제기구. 1947년 3월 설립되었다. 자매기관인 IBRD(국제부흥개발은행)가 장기금융기관이라면 IMF는 단기 국제금융기', NOW(), NOW()),
    ('국제투자보증공사', '개발도상국에 대한 민간투자를 보장하고 투자 촉진을 도모하기 위한 국제기구. 국제부흥개발은행(IBRD), 국제개발협회(IDA), 국제금융공사(IFC) 등과 함께 세계은행으로 불린다.', NOW(), NOW()),
    ('국제피셔효과', '금리와 환율의 상관관계에 대한 이론으로, 두 나라의 금리 차이는 두 나라 통화의 환율변동 폭과 같다는 이론.  즉, 표시통화만 다르고 위험과 만기가 동일한 금융상품간의 금리 차이는', NOW(), NOW()),
    ('국채통합발행제도', '3년이상 만기의 국고채를 3개월 이내에 추가발행할 때에는 만기일과 표면금리를 직전국고채와 동일하게 발행하는 제도를 말한다.', NOW(), NOW()),
    ('군집행태', '군집행동은 개미, 물고기, 쥐, 말, 양떼 무리와 같이 구성원의 의사와 무관하게 집단 전체가 동일한 방향으로 움직이려는 성향을 말한다.', NOW(), NOW()),
    ('권리락', '주식회사가 증자를 할 때 신주인수권을 확정하기 위해 신주배정 기준일을 정하는데, 정해진 기준일 익일 이후에 결제되는 주권에는 신주인수권이 없어지는 것을 말한다.', NOW(), NOW()),
    ('권배락', '권배락이란 권리락과 배당락이 동시에 이루어지는 것. 권리락은 주주가 현실적으로 주식을 소유하고 있더라도 주주명부가 폐쇄되거나 배정기준일이 지나 신주를 받을 권리가 없어진 상태를,', NOW(), NOW()),
    ('권원보험', '부동산 권리 행사에 문제가 발생해 부동산 소유자나 저당권자가 입는 손실을 보상해주는 보험. 부동산 매수인이 자신이 소유한 부동산 또는 구매하려는 부동산의 권리에 하자가 생겨 확보한', NOW(), NOW()),
    ('권장소비자가격제도', '권장소비자가격제도란 상품의 제조업체가 설정한 소매 가격을 상품의 포장지에 표시할 수 있도록 하는 제도이다. 권장소비자가격은 제조업체가 임의로 책정한 가격을 의미한다.', NOW(), NOW()),
    ('규제프리존', '정부가 27개 전략산업을 육성하기 위해 14개 시도별로 지역전략산업 관련 규제를 과감히 철폐, 자유로운 기업활동을 보장한 지역.', NOW(), NOW()),
    ('균형가격', '수요량과 공급량을 일치시키는 가격. 이 가격에서 소비자들은 원하는 만큼 재화를 살 수 있고 판매자들은 원하는 만큼 재화를 팔 수 있으므로 소비자와 판매자 모두 만족스러운 상태다.', NOW(), NOW()),
    ('그라민은행', '소액금융기관이자 지역개발은행. 방글라데시 치타공대학의 경제학과 교수로 재직하던 무하마드 유누스가 1973년 20여 달러 때문에 고리대금업자의 횡포에 시달리던 빈민들에게 자신의 돈을', NOW(), NOW()),
    ('그릭', '‘그릭’은 옵션 시장에서 사용되는 단어로 옵션 거래에서 취하는 포지션에 따라 연루되는 서로 다른 위험을 나타내기 위해 사용된다.', NOW(), NOW()),
    ('그린메일', '보유주식을 팔기 위한 목적으로 대주주에게 편지를 보낼 때 초록색인 달러화를 요구한다는 의미에서 그린메일(Green Mail)이라는 이름이 붙여졌다.', NOW(), NOW()),
    ('그린백', '미국의 지폐를 부르는 이름. 원래는 미국 연방정부가 1862년 발행한 지폐를 의미하며, 이 지폐의 뒷면이 녹색으로 인쇄되어 있었던 까닭에 그린백이라 불리웠다.', NOW(), NOW()),
    ('그린슈트', '겨울에 얼었던 땅에서 봄 새싹이 움트듯이 침체되었던 경제가 조금씩 회복하는 모습을 가리키는 말이다. 벤 버냉키 미 연방준비제도이사회 의장이 2009년 3월 ''최악의 경기침체는 올해', NOW(), NOW()),
    ('그린채권', '자금 사용 목적이 재생에너지, 전기차, 고효율 에너지 등 친환경 관련프로젝트 투자로 한정된 채권이다. 친환경 프로젝트에는 신재생에너지, 에너지 효율, 지속가능한 폐기물 관리 및 토', NOW(), NOW()),
    ('그림자규제', '그림자규제란 법적 근거가 없는 보이지 않는 규제를 말한다. 공무원 입맛대로 재단하는고무줄 규제, 민원인을 교묘하게 애먹이는 인허가 규제 등이다.', NOW(), NOW()),
    ('그림자금융', '투자은행, 헤지펀드, 사모펀드, 구조화 투자회사(SIV) 등 은행과 비슷한 기능을 수행하지만 중앙은행의 엄격한 규제와 감독은 받지 않는 금융기관에 의해 주도되는 금융유형을 통칭하는', NOW(), NOW()),
    ('근린궁핍화정책', '자국의 이익을 위해 다른 나라 경제를 희생시키는 정책. 관세를 높여서 자국 생산자를 보호하고 경제를 활성화하는 대신 다른 나라의 수출을 막아 해당 국가 경제에 악영향을 주는 경우가', NOW(), NOW()),
    ('글로벌금융안전망', '급격한 자금 유출로 유동성 위기를 겪는 나라에 유동성을 공급하는 국제공조 체제를 의미한다. 선진국에서 발생한 금융위기가 신흥국 등으로 번져 위기가 대형화되는 것을 막자는 취지에서', NOW(), NOW()),
    ('글로벌벤치마크지수', '연기금이나 자산운용사들이 해외투자를 실행함에 있어 투자자들의 투자성과를 비교평가하고 각국별 투자비중 산정 등에 기준으로 사용하는 지수들을 말한다.', NOW(), NOW()),
    ('금리스왑', '금리를 통해 발생하는 현금흐름을 교환하는 방법으로 이자의 지급조건을 일정기간 바꾸는 것을 말한다.', NOW(), NOW()),
    ('금본위제', '통화의 표준 단위가 일정한 무게의 금으로 정해져 있거나 또는 일정량의 금 가치에 연계되어 있는 화폐 제도. 금본위제의 초기 형태는 중앙은행이 화폐를 금화로 발행하여 시장에 실제로', NOW(), NOW()),
    ('금산분리', '금산분리란 금융자본인 은행과 산업자본인 기업 간의 결합을 제한하는 것을 말한다. 금융 특성이 자기자본 비율이 낮고 대부분 고객, 채권자의 자금으로 영업한다는 점을 감안하여 기업들이', NOW(), NOW()),
    ('금융ㆍ보험사의결권제한제도', '금융ㆍ보험사의 의결권 제한제도는 상호출자제한 기업집단에 속하는 기업으로 금융업이나 보험업을 영위하는 기업이 주식을 취득 또는 소유하고 있는 국내계열회사 주식에 대해 의결권을 행사할', NOW(), NOW()),
    ('금융감독원', '금융감독원은 금융기관에 대한 검사 및 감독업무 등을 통해 건전한 신용질서와 공정한 금융거래 관행을 확립하고 예금자 및 투자자 등 금융수요자를 보호하는 것을 목적으로 하는 기관이다.', NOW(), NOW()),
    ('금융공학', '금융자산 및 금융파생상품을 설계하고 가치를 평가하며, 금융기관의 위험을 관리하는 등 제반 금융 문제를 수학적 방법을 동원하여 해결하는 첨단 학문을 말한다.', NOW(), NOW()),
    ('금융분쟁조정위원회', '금융감독기구설치등에 관한법률에 따라 금융감독원에 설치된 기구. 위원장 1인을 포함한 30인 이내의 위원으로 구성되며, 위원장은 금융감독원 부원장 중에서 맡는다.', NOW(), NOW()),
    ('금융성기금', '특정 사업에 수반해 보증 또는 보험 등 보조적 역할을 수행하는 기금. 금융성 기금은 금융 부문의 특성상 수입ㆍ지출의 예측이 곤란하고 경기변동 등 여건 변화에 신속하게 대응할 필요가', NOW(), NOW()),
    ('금융소득종합과세', '낮은 세율로 분리과세하던 이자소득과 배당소득을 종합소득에 합산하여 과세하는 것을 말한다. 이는 금융소득에도 누진세율을 적용하여 공평과세를 실현하기 위한 제도이다.', NOW(), NOW()),
    ('금융소외자', '담보가 없거나 대출금 연체 등으로 사실상의 신용 대출이 힘들어 1~2 제도금융권을 이용할 수 없는 저신용자를 말한다. 일반적으로 8~13등급 사이의 대출자들을 의미한다.', NOW(), NOW()),
    ('금융실명제', '금융 기관에서 금융 거래를 할 때에 가명 혹은 무기명에 의한 거래를 금지하고 실명이 확인된 경우에만 금융거래가 이루어지도록 하는 제도이다.', NOW(), NOW()),
    ('금융안정화포럼', '세계 금융위기를 예방하고 위기 발생시 보다 효율적으로 대처하기 위해 G7 재무장관 및 중앙은행 총재가 만든 국제기구다.', NOW(), NOW()),
    ('금융억압', '정부가 금융시장에 개입해 시장을 억압하고 왜곡하는 현상. 시장이 자유롭게 작동했다면 다른 곳으로 향했을 자금을 정부가 정책 수단을 동원해 정부의 목표 달성을 위해 끌어오는 경우를', NOW(), NOW()),
    ('금융재조달', 'SOC 민자사업 시행자가 사업시행 법인의 자본구조(예 : 자기자본비율조정) 또는 타인자본 차입조건(원리금 상환일정, 부채상환적립금비율 등) 등을 변경하여 주주의 수익률을 극대화시키', NOW(), NOW()),
    ('금융정보분석기구', '금융기관으로부터 자금세탁 관련 혐의거래 보고 등 금융정보를 수집ㆍ분석하여 이를 법집행기관에 제공하는 단일의 중앙행정조직이다.', NOW(), NOW()),
    ('금융정보분석원', '금융기관을 이용한 자금세탁 등의 범죄를 막고 외화의 불법 유출을 방지하고자 금융위원회 소속으로 지난 2001년 설립된 기관(www.kofiu.go.kr).', NOW(), NOW()),
    ('금융정보자동교환협정', '역외탈세 방지를 위한 국제공조의 일환으로, 자국 금융회사로부터 제출받은 상대국 거주자의 금융계좌 정보를 매년 상호교환하게 된다.', NOW(), NOW()),
    ('금융지주회사', '주식 또는 지분의 소유를 통해 하나 이상의 금융기관을 지배하는 것을 주된 사업으로 영위하는 회사를 말한다. 일반지주회사는 「독점규제 및 공정거래에 관한 법률」에 의하여 누구든지 자', NOW(), NOW()),
    ('금융채', '은행, 종합금융회사, 여신금융전문회사 등 금융기관이 자체적으로 자금조달을 위하여 발행하는 채권을 말한다. 금융채는 통상 발행 주체에 따라 은행채, 카드채, 리스채, 할부금융채, 종', NOW(), NOW()),
    ('금융통화위원회', '한국은행 기준금리를 결정하는 곳으로서, 통화신용정책을 수립하고 한국은행의 운영에 관한 주요사항을 결정하는 정책결정기구이다.', NOW(), NOW()),
    ('금융허브', '세계유수의 다국적 기업과 금융기관들이 기업.금융 활동을 자유롭고 편하게 할 수 있는 금융 환경이나 투자 인센티브 등을 제공하는 지역을 말한다.', NOW(), NOW()),
    ('금전신탁', '수탁자가 금전을 신탁재산으로 위탁받아 이를 대출, 채권 등 적절한 투자대상에 운용하여 얻은 이익을 수익자에게 금전 등의 형태로 되돌려 주는 제도이다.', NOW(), NOW()),
    ('금전채권', '일정액의 금전의 인도를 목적으로 하는 채권을 말한다. 금전 자체가 가지는 개성보다는 그것이 가지는 일정한 가치에 중점을 두는 특성상 금액채권으로서의 의미를 가지며 이행불능은 있을', NOW(), NOW()),
    ('금지보조금', 'WTO 보조금 및 상계조치협정 부속서에 예시된 바와 같이 수출성과ㆍ수입대체에 따라 공여되는 보조금. 금지보조금이 공여되는 경우 수입국은 수출국과 협의를 거쳐 DSB(분쟁해결기구)에', NOW(), NOW()),
    ('금태환', '금본위제도 하에서 해당국 화폐 소유자가 해당국 정부(중앙은행)에 화폐를 제시하며 금과의 교환을 요구했을 때, 해당국 정부(중앙은행)가 화폐와의 교환으로 금을 제공하는 것.', NOW(), NOW()),
    ('기간산업', '한 나라 경제의 토대가 되는 산업. 기초산업이라고도 한다. 처음에는 1차 세계대전 당시 독일로부터 특수품 수입이 두절되면서 영국이 곤경에 직면했을 때, 한 나라 경제의 사활에 영향', NOW(), NOW()),
    ('기금형지배구조', '퇴직연금 지배구조의 한 형태로서 기금형제도는 신탁원리에 입각해 국민연금기금위원회와 유사하게 기업 외부에 독립된 연기금 법인을 설치하고, 기업과 근로자를 대리한 대표자와 전문가 등이', NOW(), NOW()),
    ('기능통화', '기업이 영업활동을 할 때 주로 사용하는 통화를 말한다. 예를 들어 해운업체 등 수출업체의 경우 영업활동의 주무대는 해외다.', NOW(), NOW()),
    ('기대효용', '기대효용이란 경제학에서 기존에 사용하던 효용 함수(Utility Function)에 확률과 기대값의 요소가 더해진 것으로, 불확실성(또는 위험)이 있는 상태에서 소비자의 선호를 분', NOW(), NOW()),
    ('기술원조', '선진국 또는 국제기구가 개도국의 기술수준 향상을 위해 실시하는 원조. 경제개발에 필요한 지식, 기술, 능력을 부여하는 것을 목적으로 연수생의 훈련, 전문가의 파견, 기기 및 자재를', NOW(), NOW()),
    ('기업분할명령제', '기업의 독과점 폐해를 방지하기 위한 제도로, 시장의 독과점도가 높고 가격규제 등의 행정적 규제만으로는 시장 경제 질서 회복이 어렵다고 판단될 시에 법원이 명령하여 기업을 분할하도록', NOW(), NOW()),
    ('기업성장집합투자기구', '기업성장집합투자기구(Business Development Company, BDC)는 성장 잠재력이 큰 소규모 기업에 전문적으로 투자하는 명목상 주식회사로, 성장 잠재력이 높은 벤처', NOW(), NOW()),
    ('기업신용등급', '신용평가사가 기업이 국채ㆍ회사채 등을 갚지 못하게 될 가능성을 평가해 등급화한 것. 보통 ''BBB'' 이상을 부도 가능성이 낮은 ''투자적격 등급'', ''BB'' 이하를 부도 가능성이 높', NOW(), NOW()),
    ('기저효과', '경제지표를 평가하는 과정에서 기준시점과 비교시점의 상대적인 수치에 따라 그 결과에 큰 차이가 나타나는 현상. 호황기의 경제상황을 기준시점으로 현재의 경제상황을 비교할 경우, 경제지', NOW(), NOW()),
    ('기준금리', '한국은행의 최고 결정기구인 금융통화위원회에서 연 8회에 걸쳐 회의를 통해서 결정하는 금리. 2008년 2월까지 한국은행은 금융통화위원회에서 콜금리 운용 목표치(정책금리)를 결정하였', NOW(), NOW()),
    ('기준환시세', '환시세란 한 나라의 화폐와 다른 나라의 화폐와의 교환비율, 즉 환율을 말하는데, 이러한 환시세를 설정할 때 기준이 되는 국가 통화와의 환시세를 기준환시세라고 한다.', NOW(), NOW()),
    ('기초자산', '‘기초자산(Underlying Asset)이라는 용어는 파생상품 거래에서 자주 등장한다. 파생상품은 금융상품의 일종으로 다른 자산에 의존하여 해당 금융 상품의 가격이 책정되는 것을', NOW(), NOW()),
    ('기축통화', '국제외환시장에서 금융거래 또는 국제결재의 중심이 되는 통화. 대표적으로 미국 달러가 이에 속한다. 기축통화로서 기능을 수행하기 위해서는 군사적으로 지도적인 입장에 있어 전쟁으로 국', NOW(), NOW()),
    ('기펜재', '가격의 하락(상승)이 오히려 수요량의 하락(증가)을 가져오는 재화. 따라서 기펜재의 경우 가격과 수요량이 같은 방향으로 이동함으로써 가격과 수요량 사이의 역의 관계를 나타내는 수요', NOW(), NOW()),
    ('기하브라운운동', '기하 브라운 운동은 연속 확률 과정(continuous-time stochastic process)의 일종이다. 블랙숄즈 모델에서 유러피안 옵션 가격을 산출하는데 사용된다.', NOW(), NOW()),
    ('기회비용', '어떤 선택을 함으로써 포기해야 하는 다른 선택의 가치. 예를 들어 금리가 저축은행 5%, 은행 3.5%, 우체국 2.', NOW(), NOW()),
    ('긴급수입제한조치', '특정상품의 급격한 수입 증가로부터 국내 산업을 보호하기 위해서 수입을 제한하는 조치. 유럽공동체(EC)의 수입 감시 제도는 역외국으로부터의 수입이 급증하여 역내 산업에 중대한 피해', NOW(), NOW()),
    ('긴축정책', '지출 증가를 억제하거나 감축하는 기조의 재정정책. 긴축적 재정정책을 줄인 말이다. 경기가 과열될 때 경제를 안정시키기 위해 정부 지출을 줄여 과열된 경기를 억제할 수 있다.', NOW(), NOW()),
    ('김치본드', '외국인이나 국내 기업이 우리나라에서 달러 등 외화로 표시된 채권을 발행하는 경우.', NOW(), NOW()),
    ('끼워팔기', '끼워팔기란 주상품의 판매에 부상품의 판매를 연계시키는 것으로, 독점규제 및 공정거래에 관한 법률 시행령 제36조 제1항 제3호에서는 ‘거래상대방에 대하여 자기의 상품 또는 용역을', NOW(), NOW()),
    ('나스닥', '벤처기업들이 상장되어 있는 미국의 장외시장을 말한다. 자본력이 부족한 비상장벤처기업들이 저리로 자금을 조달하는 창구로 활용하고 있다.', NOW(), NOW()),
    ('낙수효과', '대기업이나 고소득층 등 선도 부문이 성장하면 이들의 성과가 연관부문으로 확산됨으로써 경제 전체가 성장한다는 이론.', NOW(), NOW()),
    ('남북경제협력사업', '남한과 북한의 주민(법인, 단체 포함)이 공동으로 경제적 이익을 주된 목적으로 행하는 제반 활동. 구체적으로 남ㆍ북 주민 간의 합작, 단독투자, 제3국과의 합작투자는 물론 북한주민', NOW(), NOW()),
    ('남북경제협력사업보험', '개성공단 등 북한에 투자하다가 손실을 본 기업을 돕기 위해 만든 제도. 남북경협보험에 가입한 기업은 손실액의 90% 범위에서 최대 70억원까지 보상받을 수 있다.', NOW(), NOW()),
    ('남북청산결제', '청산결제제도는 청산결제협정을 맺은 국가간에 이루어지는 구상무역 혹은 연계무역 형태의 무역거래방식으로 통상 ‘일정기간 교역 후 차액만 결제하는 방식’을 의미한다.', NOW(), NOW()),
    ('남북투자보장합의서', '남북한은 1992년 ‘남북기본합의서’의 ‘부속합의서’를 통해 남북한 경제교류의 확대를 위한 투자보장합의서ㆍ이중과세방지합의서.', NOW(), NOW()),
    ('남북협력기금', '남북한의 교류 활성화 및 경제협력을 통해 상호신뢰와 동질성을 회복하여 다가오는 통일에 대비하기 위해 설치된 기금.', NOW(), NOW()),
    ('내국민대우', '외국산 물품이라도 일단 수입이 완료된 후에는 자국산 물품과 동등한 대우를 해야 한다는 원칙. 내국민 대우 원칙은 GATT(관세 및 무역에 관한 일반협정) 제3조와 관련하여 GATT', NOW(), NOW()),
    ('내국신용장', 'Local Letter of Credit의 약자로 Local L/C라고도 한다. 원자재를 구매하고자 하는 사람이 자신의 거래은행을 개설은행으로 하여 원자재 공급자를 수혜자로 개설한', NOW(), NOW()),
    ('내쉬균형', '게임이론에서 자주 사용하는 균형(Equilibrium)의 개념으로, 게임의 경기자 모두 상대방의 전략에 대한 최선대응(Best Response) 전략을 구사하고 있는 상황을 말한다', NOW(), NOW());

INSERT INTO term (term, definition, created_at, updated_at)
VALUES
    ('내자거래', '국내자재거래 즉, 국내에서 거래되는 물건이나 서비스를 말한다. 국내의 제조자나 판매자를 통해 물품을 거래하는 것을 가리키며, 외국제품을 국내로 수입하여 거래할 경우도 포함된다.', NOW(), NOW()),
    ('내재파생상품', '파생상품은 단독 거래인 경우도 있고 어느 거래에 부속되는 경우도 있다. 가령 이자지급이나 상환조건이 환율에 따라 변동하는 채권을 구입할 경우, 채권에 통화관련 파생상품이 포함돼 있', NOW(), NOW()),
    ('넉인/넉아웃', '키코(KIKO)는 수출입업체가 은행과 환율의 상하단을 정해 놓고 그 범위 내에서 지정 환율로 거래할 수 있도록 계약을 맺은 파생금융상품을 말한다.', NOW(), NOW()),
    ('넥스트11', '차세대 성장국가 11개국. 방글라데시ㆍ이집트ㆍ인도네시아ㆍ이란ㆍ한국ㆍ멕시코ㆍ나이지리아ㆍ파키스탄ㆍ필리핀ㆍ터키ㆍ베트남 등을 지칭한다.', NOW(), NOW()),
    ('노동경제학', '경제학의 한 분야로, 근로자, 기업, 정부의 선택에 따른 노동시장의 작동 원리를 분석하는 학문이다. 근로자의 노동 시간 및 인적 자본에 대한 투자, 기업의 노동 수요 및 차별, 그', NOW(), NOW()),
    ('노동생산성', '노동자 한 명이 일정 기간 동안 생산한 재화나 서비스의 양', NOW(), NOW()),
    ('노동생산성지수', '노동생산성을 측정하는 지표. 우리나라에서는 한국생산성본부가 분기마다 월별·분기별 평균노동생산성지수를 발표하고 있다.', NOW(), NOW()),
    ('노동소득분배율', '국민소득에서 노동소득(피용자 보수)이 차지하는 비율. 일반적으로 한 국가에서 국민들이 생산활동에 기여한 대가인 소득은 노동, 자본 등 생산요소를 제공한 경제주체에게 분배된다.', NOW(), NOW()),
    ('노령연금', '노령연금은 국민연금에 가입하고 일정기간 이상 납부한 사람이 60세 이상이 되었을 때 즉 노령연령에 도달했을 때 지급받게 되는 연금을 말하기도 하며 달리는 기초노령연금으로서 국민연금', NOW(), NOW()),
    ('노사정위원회', '근로자와 사용자, 정부 대표의 모임이다. 노, 사, 정 간의 합의 도출을 위해 대통령 소속 기관으로 1998년 1월 발족되었다.', NOW(), NOW()),
    ('녹색채권', '친환경 및 신재생에너지 프로젝트에 투자할 자금을 마련하기 위하여 발행하는 채권. 주로 세계은행 등 국제금융기관의 주도로 발행이 되었지만 최근에는 민간기업 및 지방공공단체 등 발행주', NOW(), NOW()),
    ('뇌동매매', '투자자의 독자적이고 확실한 시세 예측에 의한 매매거래가 아닌 남을 따라하는 매매를 말한다. 즉, 투자자 자신이 확실한 예측을 갖지 못하고 시장전체의 인기나 다른 투자자의 움직임에', NOW(), NOW()),
    ('누적적우선주', '특정 연도의 배당이 소정의 우선배당률에 미치지 못할 경우 그 부족액을 다음 해의 이익에서 우선적으로 추가 배당할 수 있는 우선주를 말한다.', NOW(), NOW()),
    ('누적조항', 'FTA협정을 맺은 상대국의 원재료를 사용하여 제품을 만든 경우, 그 원재료를 국산재료(원산지 재료)로 간주하고 역내산으로 원산지를 인정하여 특혜관세의 혜택을 부여하는 것.', NOW(), NOW()),
    ('누진세율', '과세기준 금액이 증가함에 따라서 적용되는 세율이 높아지는 세율구조를 가진 세금. 반대말은 역진세이다.', NOW(), NOW()),
    ('뉴노멀', '시대변화에 따라 새롭게 부상하는 표준으로, 경제 위기 이후 5∼10년간의 세계경제를 특징짓는 현상. 과거에 대해 반성하고 새로운 질서를 모색하는 시점에 등장한다.', NOW(), NOW()),
    ('닉슨쇼크', '미국의 닉슨대통령이 1971년 8월 발표한 달러방어정책으로 인해 발생한 충격. 1960년대 말부터 미국은 베트남 전쟁을 포함해 많은 대외 원조 및 군사비 지출로 인해 경제력이 크게', NOW(), NOW()),
    ('다우지수', '미국의 다우존스사가 가장 신용있고 안정된 주식 30개를 표본으로 시장가격을 평균산출하는 세계적인 주가지수다. 우량 30개 기업의 주식종목으로 구성하기 때문에 많은 기업들의 가치를', NOW(), NOW()),
    ('단기금리', '우리나라에서 단기금리란 통상 기간이 1년 미만인 금리를 말한다. 금융시장은 거래되는 자금의 성질, 원천, 용도 등에 따라 분할되어 있으며, 각 시장에서 형성되는 금리수준 및 변동양', NOW(), NOW()),
    ('단리이자', '매월 정기예금에 대한 이자. 반면 복리이자는 이자에 대한 이자도 포함하는데, 예를들어 매월 정기예금에 대한 이자를 지급받지 않고, 만기일에 한꺼번에 받아갈 경우 매월 발생한 이자(', NOW(), NOW()),
    ('단생보험', '생명보험의 일종으로 1인의 피보험자, 즉 단일 위험에 대해서만 효력이 발생하는 보험을 말한다. 이에 대비되는 개념인 연생보험은 배우자나 자녀 등 2인 이상의 피보험자에 적용이 되는', NOW(), NOW()),
    ('달러인덱스', '세계 주요 6개국 통화 대비 미국 달러화의 평균적 가치를 나타내는 지표. 1973년 3월을 기준점(100)으로 미국 연방준비제도 이사회(FRB)가 작성·발표한다.', NOW(), NOW()),
    ('달러화통용제도', '세계 기축 통화인 미국 달러화를 자국 통화로 공식 채택하는 것. 미국에 대한 경제의존도가 높고 경제규모가 작아 대외충격에 취약한 경제구조를 지닌 중남미, 동남아 등의 국가에서 논의', NOW(), NOW()),
    ('당좌거래', '당좌거래는 수표나 어음의 발행에 따라 언제든지 자유롭게 되찾을 수 있는 당좌예금(이러한 당좌예금은 기업들 간의 거래에서 흔히 사용되는데, 입출금이 비교적 자유롭고 일반적으로 이자가', NOW(), NOW()),
    ('당좌대출', '은행과 당좌거래를 하고 있는 업체가 일정 한도내에서 발행한 어음이나 수표로 대신 결제하는 것을 말한다. 당좌계정에 돈이 남아 있지 않은 기업이라도 어음이나 수표를 발행할 수 있으며', NOW(), NOW()),
    ('당좌비율', '당좌자산의 합계액을 유동부채의 합계액으로 나눈 비율을 표시한 것을 말한다. 여기에서 당좌자산은 현금이나 예금, 유가증권 등 즉시 환금하기 쉬운 자산을 말하며 유동부채는 보통 1년', NOW(), NOW()),
    ('당좌수표', '법인이나 사업자등록증을 가진 자가 은행에 당좌예금을 개설하고 발행한 수표. 보증수표(자기앞수표)와는 달리 은행이 지급 보증을 하지 않으며 개설된 계좌의 수표자금 범위 내에서 발행되', NOW(), NOW()),
    ('당좌예금', '요구불예금 종류의 하나로, 어음 혹은 수표소지인이 언제든지 찾을 수 있도록 하는 예금이다. 예금을 수시로 인출해야 하는 기업들의 경우, 현금을 보관하거나 인출하기 위해 은행을 찾아', NOW(), NOW()),
    ('대공황', '1930년대 세계 경제의 장기적이고도 급격한 침체. 1929년 뉴욕주식거래소에서 주가가 대폭락한 데서 시작되었다고 할 수 있다.', NOW(), NOW()),
    ('대부업', '금전의 대부 또는 대부계약에 따른 채권을 양도받아 이를 추심하는 것을 업으로 하는 것을 말하며 대부업자는 금융위원회 또는 해당 영업소를 관찰하는 특별시장ㆍ광역시장ㆍ특별자치시장ㆍ도지', NOW(), NOW()),
    ('대손상각', '폐업, 사망 등 채무자의 상환능력이 없거나 청구권이 소멸되어 회수가 불가능한 채권에서 발생한 손실을 말하며 대손손실, 대손금이라고도 한다.', NOW(), NOW()),
    ('대손충당금', '은행의 대출채권이 회수되지 못할 가능성을 대비해 대출금액의 일정비율을 금융회사의 재무제표에 쌓도록 하는 자산차감(비용) 계정.', NOW(), NOW()),
    ('대안화폐', '법화(Legal Tender)를 대체하는 제3의 화폐.  전자화폐ㆍ마일리지ㆍ실물화폐 등이 여기에 해당한다.', NOW(), NOW()),
    ('대외경제협력기금', '우리나라가 개발도상국의 경제발전을 지원하고 이들 국가와의 경제교류를 증진하기 위하여 1987년 설치된 정책기금.', NOW(), NOW()),
    ('대용가', '증권을 매매할 때 위탁증거금으로 현금 대신 유가증권을 사용할 수 있는데, 이 때 그 대용 유가증권의 가격을 대용가라고 한다.', NOW(), NOW()),
    ('대용금', '고객의 보유 주식이나 채권 등의 유가증권을 일정 비율만큼의 금액으로 환산한 금액으로, 주식 주문시 현금을 대신하여 일부 증거금으로 사용할 수 있는 금액을 말한다.', NOW(), NOW()),
    ('대재해채권', '대재해채권은 지진이나 태풍, 홍수 등과 같이 거대 재난 발생에 따른 보험사의 극단적인 보험금 지급 부담을 자본시장에 전가하는 금융상품이다.', NOW(), NOW()),
    ('대차거래', '금융기관에서 주식이 필요할 경우, 주식을 보유하고 있는 금융회사에서 증권을 유상으로 빌려주는 거래를 의미하며 상환기간은 보통 1년이다.', NOW(), NOW()),
    ('대체탄력성', '재화 A의 가격이 변할 때 재화 B의 수요가 반응하는 정도. 만일 A가격이 상승할 때 B수요가 상승하면 A와 B는 대체관계에 있다고 할 수 있으며, 수요 증가폭이 크면 대체탄력성이', NOW(), NOW()),
    ('대출금출자전환', '은행이 기업에 빌려준 대출금을 그 기업의 주식으로 전환하는 것을 말한다. 대출 받은 기업의 부채가 많을 경우 대출금을 주식으로 바꾸면 해당 기업으로서는 부채를 줄이고 원리금 상환부', NOW(), NOW()),
    ('대출채권담보부증권', '은행의 대출채권을 묶어 풀(pool)을 구성한 뒤 자산유동화전문회사(SPC)에 매각하고, 자산유동화전문회사는 풀의 대출채권을 담보로 유동화증권을 발행하는 것으로 자산유동화증권(AB', NOW(), NOW()),
    ('대출태도', '대출태도는 대출태도 지수로 나타낸다. 대출태도 지수는 대출태도의 동향과 전망을 나타내며 -100에서 100사이의 값을 갖는다.', NOW(), NOW()),
    ('대환대출', '금융기관에서 대출을 받아 이전의 대출금이나 연체금을 갚는 제도를 말한다. 특히 신용불량자 또는 신용카드 대금 연체자가 밀린 연체대금을 장기대출로 바꾸어 분할 납부하도록 하는 경우를', NOW(), NOW()),
    ('덤핑', '국제무역에서 국내 가격보다 낮은 가격으로 수출하거나, 생산 비용보나 낮은 가격에 수출하는 행위. 국내 가격보다 높은 가격으로 수출하는 경우는 역덤핑이라고 한다.', NOW(), NOW()),
    ('데드크로스', '주식차트에서 단기 이동평균선(이평선)이 장기 이평선을 뚫고 아래로 향하는 상황을 데드크로스(Dead Cross)라고 한다.', NOW(), NOW()),
    ('데카콘기업', '창업회사가 성장하여 유니콘기업을 넘어 데카콘기업이 되면 크게 성공한 것으로 인정된다. 경제 분야에서는 기업 가치가 100억 달러 이상인 신생벤처기업을 말한다, 기업가치 1 Bill', NOW(), NOW()),
    ('도드-프랭크법', '미국이 글로벌 금융위기로 나타난 문제점들을 해결하기 위해 지난 2010년 7월 제정한 금융개혁법. 2008년 금융위기를 부른 주범으로 꼽히는 파생상품의 거래 투명성을 높여 위험 수', NOW(), NOW()),
    ('독점', '어떤 재화의 수요자 또는 공급자가 하나인 상황. 경쟁시장의 공급자는 시장에서 결정된 가격에 따라 생산량을 결정하는 반면, 독점적 지위를 가진 공급자는 이윤을 극대화하는 수준으로 제', NOW(), NOW()),
    ('돈세탁', '마약, 밀수, 뇌물 등 범죄나 불법활동 과 관련된 자금을 금융기관을 통해 합법적인 돈으로 전환하는 것을 말한다.', NOW(), NOW()),
    ('동시호가', '증권시장에서의 유가증권 매매거래시 동시에 접수된 호가 및 시간의 선후가 분명하지 않은 호가를 말한다. 매매 시간의 시작, 혹은 종료가 임박하여 한꺼번에 주문이 쏟아질 때는 시간의', NOW(), NOW()),
    ('듀레이션', '듀레이션은 Fixed-Income 투자(고정적인 수입을 가져오는 안정적인 투자) 가격이 이자율의 변화에 대해 지니는 민감도를 측정하는 단위이다. 듀레이션은 연수(햇수)로 표현된다.', NOW(), NOW()),
    ('디레버리징', '디레버리징(deleveraging)은 자산 매각 또는 증자를 통해 부채를 축소하는 것을 말한다. 기업들은 투자 재원을 마련하기 위해 레버리징(leveraging)을 사용한다.', NOW(), NOW()),
    ('디스인플레이션', '물가 수준은 높아지지만 물가 상승률이 둔화되는 현상을 말한다. 이는 물가 수준의 전반적인 상승을 의미하는 인플레이션 또는 물가 수준의 전반적인 하락을 의미하는 디플레이션과 구분되는', NOW(), NOW()),
    ('디지털화폐', '디지털 방식으로 사용하는 형태의 화폐로, 금전적 가치를 전자적 형태로 저장해 거래할 수 있는 통화를 말한다. 디지털 화폐를 발행하는 목적은 화폐 발행에 따른 비용을 줄이고, 개인&', NOW(), NOW()),
    ('디큐뮬레이션', '디큐뮬레이션이란 직장에서 은퇴한 뒤에도 은퇴하기 전의 경제활동기의 소비 수준을 지속할 수 있도록 이때까지 저축해온 자산을 알맞게 분배 및 사용하는 과정을 뜻한다.', NOW(), NOW()),
    ('디폴트옵션제도', '확정기여(DC)형 퇴직연금에 가입한 근로자가 특별한 운용 지시를 하지 않을 경우 사전에 등록돼 있는 자산배분형 적립금 운용방법으로 자동 운용하는 제도다.', NOW(), NOW()),
    ('디플레이션', '상품들의 가격수준이 전반적으로 그리고 지속적으로 하락하는 현상. 반대말은 물가상승 (inflation)이다. 물가하락은 총수요의 감소 혹은 경제 전반적인 생산비용 감소 때문에 발생', NOW(), NOW()),
    ('딤섬본드', '외국계기업이 홍콩 채권시장에서 발행하는 위안화표시채권을 말한다. 2010년 2월 중국 정부가 홍콩 금융시장 확대를 위해 외국계기업의 위안화 표시 채권을 발행을 허용함으로써 도입됐다', NOW(), NOW()),
    ('랜덤워크', '금융에서의 랜덤워크 가설은, 주식 가격의 변화는 서로 독립적이며 따라서 과거의 주식 가격 변화 움직임이나 시장 전체의 변화가 미래의 가격 변화를 추측할 수 없음을 의미한다.', NOW(), NOW()),
    ('랠리', '증시가 약세에서 강세로 전환하는 것을 뜻하는 말이다. 하락된 주가가 크게 상승할 때 랠리라는 말을 사용한다. ※랠리에도 여러 종류가 있는데 대표적인 랠리를 살펴보면 ▶어닝랠리: 실', NOW(), NOW()),
    ('랩어카운트', '증권사 등 금융기관이 투자자의 성향에 맞춰 고객의 돈을 관리해 주는 맞춤형 서비스를 말한다. 투자자들은 전문지식 없이 증권사의 자산관리사가 포트폴리오를 짜고 종목까지 추천하기 때문', NOW(), NOW()),
    ('레몬마켓', '제품 정보에 대해 잘 알지 못하는 소비자들이 속아서 살까봐 싼 값만 지불하려고 해 저급하고 쓸모없는 재화나 서비스가 거래되는 시장.', NOW(), NOW()),
    ('레이거노믹스', '로널드 레이건 미국 대통령 (1981-1989)의 이름과 economics의 합성어. 이 정책은 M.프리드먼 등의 시카고학파가 주장해 온 자유경쟁시장 메커니즘으로의 복귀로 생산(공', NOW(), NOW()),
    ('로렌츠곡선', '소득분포의 불평등도를 나타내는 곡선. 미국의 통계학자 M.로렌츠가 창안했다. 가로축에 소득액 순으로 소득인원 수의 누적 백분비를 나타내고，세로축에 소득금액의 누적 백분비를 나타냄으', NOW(), NOW()),
    ('로마조약', 'EEC 조약이라고도 한다. 프랑스ㆍ룩셈부르크ㆍ이탈리아ㆍ서독ㆍ벨기에ㆍ네덜란드 등 6개국에 의하여 1957년 3월 25일 로마에서 조인되었으며 1958년 1월 1일 발효되었다.', NOW(), NOW()),
    ('롱숏펀드', '주식 운용시 주가의 상승이나 하락과 관계없이 절대수익을 추구하는 펀드이다. 주가가 오를 것으로 예상되는 주식은 사고(long) 주가가 내릴 것으로 예상되는 주식은 미리 빌려서 팔아', NOW(), NOW()),
    ('롱테일법칙', '80%의 다수가 20%의 핵심 소수보다 뛰어난 가치를 창출한다는 이론. 많이 판매되는 상품들 순으로 그래프를 그리면 적게 팔리는 상품들은 선의 높이는 낮지만 긴 꼬리(Long Ta', NOW(), NOW()),
    ('롱포지션', '롱포지션은 매입포지션이라고도 하며 선물이나 옵션시장에서의 매입을 의미한다. 보통 미래에 더 높은 가격으로 되팔 수 있다는 기대를 가지고 매입하는 시장거래를 뜻한다.', NOW(), NOW()),
    ('리니언시', '담합행위를 한 기업이 자진신고를 할 경우 처벌을 경감하거나 면제하는 제도. 이 제도는 상호간의 불신을 자극하여 담합을 방지하는 효과를 얻을 수 있다.', NOW(), NOW()),
    ('리디노미네이션', '한 나라에서 통용되는 화폐의 액면가를 낮은 숫자로 변경하는 조치. 즉, 화폐단위를 하향 조정하는 것을 말한다. 화폐의 가치변동 없이 모든 은행권 및 지폐의 액면을 동일한 비율의 낮', NOW(), NOW()),
    ('리먼사태', '2008년 9월 15일 미국의 투자은행 리먼브러더스 파산에서 시작된 글로벌 금융위기를 칭하는 말. 리먼 파산은 미국 역사상 최대 규모의 기업 파산으로, 파산 보호를 신청할 당시 자', NOW(), NOW()),
    ('리보금리', '국제금융시장인 런던에서 우량은행끼리 단기자금을 거래할 때 적용하는 금리를 말한다. 런던은행간금리(London Inter-Bank Offered Rate)의 머리글자를 따서 리보(L', NOW(), NOW()),
    ('리스크중심감독', '금융회사의 종합적인 리스크관리에 초점을 두면서 사전적이고 효율적인 감독, 검사 업무를 수행하는 것을 말한다. 주요 선진국 감독기관들은 리스크중심감독체제를 적극 구축하여 시행하고 있', NOW(), NOW()),
    ('리츠', 'Real Estate Investment Trusts의 약자로 부동산투자신탁을 말한다. 소액의 투자자들을 모아 부동산 또는 부동산 관련대출에 투자하여 발생한 수익을 배당으로 지급한', NOW(), NOW()),
    ('리코노믹스', '리커창 중국 총리의 이름과 Economics의 합성어로, 리커창 총리의 경제정책을 의미한다.', NOW(), NOW()),
    ('리파이낸싱', '조달한 자금을 상환하기 위해 다시 자금을 조달하는 일. ''재융자''와 같은 뜻으로 쓰인다. 현재의 대출금리가 기존의 대출금리보다 낮아지면 대출자는 대출이자 부담을 줄이기 위해 재융자', NOW(), NOW()),
    ('리플레이션', '디플레이션에서 벗어나 아직은 심한 인플레이션까지는 이르지 않은 상태를 리플레이션이라고 하며, 다른 말로는 통화재팽창기라고 한다.', NOW(), NOW()),
    ('리픽싱', '리픽싱(refixing)은 전환권이나 신주인수권 행사가격조정을 말한다. CB나 BW 발행시, 발행회사의 주가가 하락하는 경우에 신주인수권이나 전환권의 행사가격을 하향조정할 수 있도', NOW(), NOW()),
    ('마빈스', '멕시코(Mexico), 호주(Australia), 베트남(Vietnam), 인도네시아(Indonesia), 나이지리아(Nigeria), 남아프리카 공화국(South Africa)', NOW(), NOW()),
    ('마진콜', '마진 콜(margin call)은 금융시장에서 선물 거래를 중개하는 회사가 당일 결제를 매일 정산하여 선물 가격 변동에 따른 손익을 증거금에 반영하고, 손실액이 일정 수준을 초과하', NOW(), NOW()),
    ('만기가액', '변제 만기일에 채무자가 채권자에게 지급해야 하는 금액을 말한다.', NOW(), NOW()),
    ('매도헤지', '현물을 보유하고 있거나 장차 보유예정인 경우, 동 현물의 가격하락으로 인한 손실을 회피하고자 선물시장에서 동일한 수량만큼 선물 계약을 매도하는 것을 말한다.', NOW(), NOW()),
    ('매매율차', '매입환율(외환매입자가 외환을 매입할 의사가 있는 가격)과 매도환율(외환매도자가 팔 의향으로 제시한 가격)과의 차이를 말한다.', NOW(), NOW()),
    ('매매차익', '매매차익이란 사고 팔 때의 가격의 차이를 말하는 것으로서 부동산 매매차익, 주식과 같은 유가증권의 매매차익 등이 있다.', NOW(), NOW()),
    ('매매회전율', '초기 투자금 대비 거래한 금액을 의미하며, 일반적으로 {거래 금액/(투자금*2)}에 100을 곱하여 구한 값을 말한다.', NOW(), NOW()),
    ('매몰비용', '다시 되돌릴 수 없는 비용. 즉 의사결정을 하고 실행을 한 이후에 발생하는 비용 중 회수할 수 없는 비용을 말하며 함몰비용이라고도 한다.', NOW(), NOW()),
    ('매스티지', '대중을 뜻하는 mass와 명품을 뜻하는 prestige product의 합성어. ''명품의 대중화 현상''을 의미한다.', NOW(), NOW()),
    ('맥락효과', '처음에 알게 된 정보에 나중에 알게 된 새로운 정보들의 지침을 만들고 전반적인 맥락을 제공하는 것을 말한다. 즉, 처음에 긍정적인 정보를 얻은 대상이라면 이후에도 긍정적으로 생각하', NOW(), NOW()),
    ('머니마켓크런치', '급격한 신용경색''. 신용경색은 금융기관에서 돈이 제대로 공급되지 않아 기업들이 어려움을 겪는 현상으로, 신용경색이 발생하면 기업들은 자금 부족으로 인해 정상적 경영이 어려워지고 무', NOW(), NOW()),
    ('메가뱅크', '은행간의 인수합병을 통해 탄생한 초대형은행이다. 자산 규모가 세계 50위 은행의 절반밖에 되지 않는 국내 은행의 국제 경쟁력을 강화하고 업무영역을 다변화하기 위해서는 초대형은행이', NOW(), NOW()),
    ('메기효과', '미꾸라지를 장거리 운송할 때 수족관에 메기 한 마리를 넣으면 미꾸라지들이 메기를 피해 다니느라 생기를 얻어 죽지 않는다는 속설을 기업경영에 적용한 것이 메기효과다.', NOW(), NOW()),
    ('메뉴비용', '인플레이션이 발생하면 화폐를 보유한 사람은 구매력이 떨어지기 때문에 그만큼 손해가 발생한다. 그러나 사회 전체적으로 보면 인플레이션은 정부가 화폐 보유자들에게 세금을 부과한 것이나', NOW(), NOW()),
    ('메자닌', '메자닌은 건물 1층과 2층 사이에 있는 라운지 공간을 의미하는 이탈리아어로 채권과 주식의 중간 위험 단계에 있는 전환사채(CB)와 신주인수권부사채(BW)에 투자하는 것을 말한다.', NOW(), NOW()),
    ('메자닌파이낸싱', '투자자에게 전환사채나 신주인수권부사채 같은 주식연계채권 등을 발행하여 자금을 조달하는 것이다. 메자닌 파이낸싱은 리스크(Risk)가 큰 사업에 원활한 자금공급을 위해 일정금리 외에', NOW(), NOW()),
    ('모기지론', '일반적으로 주택금융공사에서 취급하는 모기지론은 구입 주택을 담보로 제공하고 대출금을 차입자 소득에 근거하여 장기간에 걸쳐 상환해 나가는 선진국형 주택담보대출 상품이다.', NOW(), NOW()),
    ('모라토리엄', '모라토리엄은 국제적으로 한 나라가 외채이자 지급불능 상황이 되면 일시적으로 모든 채무의 지급정지 선언을 하는 것을 말한다.', NOW(), NOW()),
    ('모멘텀', '원래 모멘텀은 물질의 운동량이나 가속도를 의미하는 물리학 용어지만 주식투자에서 흔히 주가 추세의 가속도를 측정해 주가의 변동 상황을 이해하는 하나의 방법으로 쓰인다.', NOW(), NOW()),
    ('모자펀드', '모자 펀드(Master-Feeder Fund)는 모펀드(Master Fund)와 자펀드(Feeder Fund)의 합성 구조로 이해할 수 있다.', NOW(), NOW()),
    ('모집주선', '발행회사가 스스로 인수위험을 부담하고 유가증권을 발행하고 모집하는 것에 관한 모든 업무를 제 3자인 발행기관에 위탁하는 방법을 말한다.', NOW(), NOW()),
    ('모태펀드', '여러 개의 채권형 펀드 또는 주식형 펀드를 하나의 펀드로 만든 상품이며 한국모태펀드의 정식명칭은 ''중소기업투자모태조합''이다.', NOW(), NOW()),
    ('무기명채권', '채권자가 표시되지 않는 채권. 무기명수표나 양도성예금증서(CD), 무기명채권(공/사채) 등을 들 수 있다. 일반적인 채권과는 달리 무기명채권은 만기 변제이든 만기 전이든 채권을 양', NOW(), NOW()),
    ('무디스', '1990년 설립된 미국의 신용평가회사로 영국의 ‘피치(Fitch)’, 미국의 ‘스탠더드 앤드 푸어스(S&P)’와 함께 세계금융시장의 3대 신용평가기관으로 꼽힌다.', NOW(), NOW()),
    ('무상감자', '기업에서 감자(減資)를 할 때 주주들이 아무런 보상도 받지 못한 채 결정된 감자 비율만큼 주식수를 잃게 되는 것을 말한다.', NOW(), NOW()),
    ('무상증자', '무상증자란 주식대금을 받지 않고 기존의 주식보유자들, 즉 주주에게 주식을 나누어 주는 것을 말한다. 보통 무상증자를 하는 경우는 각종 적립금이나 준비금과 같은 자본항목들 가운데 필', NOW(), NOW()),
    ('무액면주식제', '주권에 액면을 기재하지 않고 단지 회사의 총자본에 대한 비율만을 표시한 주식을 무액면주라고 하며 비례주 또는 부분주라고도 한다.', NOW(), NOW()),
    ('무역관련투자조치', '외국인투자와 관련해 무역흐름을 제한하거나 왜곡시키는 효과를 가져 오는 제도적 장치, 즉 투자유치국의 규제나 인센티브.', NOW(), NOW()),
    ('무역구제제도', '특정 물품의 덤핑수입이나 외국정부로부터 보조금이나 장려금의 수령 또는 특정 물품의 수입증가로 인해 국내 산업이 피해를 입거나 입을 우려가 있을 경우 해당 수입물품에 대해 관세조치', NOW(), NOW()),
    ('무역의존도', '한 나라의 경제가 무역(수출입)에 의존하고 있는 정도를 측정하는 지표. ‘무역 성향’이라고도 한다. 무역의존도는 일정한 기간(보통 1년) 한 나라의 국민소득(또는 국내총생산)에 대', NOW(), NOW()),
    ('무역장벽규정', 'EU에서 사용하는 통상보호 수단으로서 제3국의 무역장벽으로 역내기업이 부정적 영향을 받거나 피해를 입은 경우 이에 대한 보복조치를 취하기 위한 사전조사를 의미한다.', NOW(), NOW()),
    ('무역촉진권한', '미국 의회가 미국 대통령에게 광범위한 통상 관련 협상권을 부여한 법. 의회는 대통령이 체결한 협정에 대해 수정할 수 없고 채택 여부만을 결정할 수 있도록 한 것이다.', NOW(), NOW()),
    ('무역특혜협정', 'WTO 체제 하에서 선진국이 개발도상국에게 일방적으로 양허할 경우 무역특혜가 허용되는 것. 지역무역협정 가운데 가장 초기단계이다.', NOW(), NOW()),
    ('무중량경제', '통상 눈에 보이지 않고 무게가 나가지 않는 재화를 생산하는 것을 말한다. 디자인이나 아이디어를 비롯해 소프트웨어, 오락, 금융상품 등의 지적재산 관련 생산활동이 해당된다.', NOW(), NOW()),
    ('무차별곡선', '어떤 사람에게 똑같은 효용을 주는 재화 조합들의 궤적. 소비자의 선호체계를 그림으로 보여주고 분석할 때 사용된다.', NOW(), NOW()),
    ('묶어팔기', '묶어팔기는 1980년대 초 미국에서 독점 통신사업자 AT&T를 해체하던 무렵 통신법상 제시된 개념이다. 묶어팔기는 여러 상품을 결합하여 판매하는 행위를 말하는데, 순수묶어팔기(Pu', NOW(), NOW()),
    ('문고리정책', '최소한의 담보로 침실 문고리만 마련하면 돈은 얼마든지 공급할 수 있다는 중앙은행의 특권을 비유해 만든 용어. 중앙은행은 의회의 승인 등 복잡한 과정 없이도 국공채와 민간의 채권을', NOW(), NOW()),
    ('물가안정목표제', '중앙은행이 일정기간 또는 장기적으로 달성해야 할 물가목표치를 미리 제시하고 이에 맞춰 통화정책을 수행하는 방식.', NOW(), NOW()),
    ('물가연동계수', '채권의 발행시점 대비 기준일까지의 물가변동을 나타내는 지수. 물가연동계수는 기준일의 참조지수를 발행일의 참조지수로 나누어 계산하며, 물가연동국채의 원금 및 이자지급액 산정에 사용된', NOW(), NOW()),
    ('뮤추얼펀드', '뮤추얼펀드는 유가증권 투자를 목적으로 설립된 주식회사 형태의 법인회사를 말한다. 주식회사 형태라고 하는 이유는 이 법인회사가 모집된 투자자산을 전문적인 운용회사에 맡기고 추후 그', NOW(), NOW()),
    ('미소금융재단', '제도권 금융 이용이 곤란한 금융소외계층을 대상으로 창업자금, 운영자금 등 자활자금을 무담보 무보증으로 지원하는 소액대출사업(마이크로 크레딧)을 대폭 확대해 서민의 자활을 지원하기', NOW(), NOW()),
    ('미소수입물량', '덤핑 수입품의 수량이 무시할만한 수준을 의미한다. 미소 마진 등의 판정으로 반덤핑 조사가 종결되는 사유 중 하나이다.', NOW(), NOW()),
    ('미수거래', '증권을 거래하기 위해서는 증권계좌에 미리 현금을 예치해야 한다. 이것을 예수금이라고 한다. 예수금만으로 원하는 수량 만큼 주식을 살 수 없을 때, 매수금의 30% 이상을 현금으로', NOW(), NOW()),
    ('미스트', '멕시코(Mexico)ㆍ인도네시아(Indonesia)ㆍ대한민국(South Korea)ㆍ터키(Turkey)를 지칭한다.', NOW(), NOW()),
    ('미시경제학', '미시경제학은 개별적인 경제주체(개인 또는 가계, 기업, 정부)들의 합리적 의사결정 과정과 그 결과에 따른 사회 현상을 분석하는 학문이다.', NOW(), NOW()),
    ('미주개발은행', '1959년 설립되어 자본금이 1,000억달러에 달하는 세계 최대의 지역개발은행으로, 중남미 지역의 경제ㆍ사회 개발 촉진과 경제통합을 목적으로 하고 있다.', NOW(), NOW()),
    ('바젤은행감독위원회', '바젤은행감독위원회(Basel Committee on Banking Supervision)는 1974년 은행감독에 관한 국가간 협력증대를 위해 G-10국가 중앙은행 총재회의의 결의로', NOW(), NOW()),
    ('바클레이스', '영국 런던에 본사를 둔 은행으로 영국의 다른 4대 예금은행과 마찬가지로 기업합병을 거듭해 대규모 은행으로 성장했다.', NOW(), NOW()),
    ('반대매매', '고객이 증권사의 돈을 빌리거나 신용융자금으로 주식을 매입하고 난 후, 빌린 돈을 약정한 만기기간 내에 변제하지 못할 경우 고객의 의사와 관계없이 주식을 강제로 일괄매도 처분하는 매', NOW(), NOW()),
    ('반발매수', '주가가 너무 많이 떨어져서 이제는 더 떨어질리 없다고 생각하는 투자자들이 주식을 매수하는 것.', NOW(), NOW()),
    ('반환일시금', '국민연금 가입자 또는 가입자였던 사람이 노령ㆍ장애ㆍ유족 연금의 수급요건을 충족하지 못하는 경우, 가입 중에 납부하였던 연금보험료에 일정한 이자를 가산해 본인 또는 그 유족이 지급받', NOW(), NOW()),
    ('발동가격', '즉시 덤핑조사를 발동시킬 수 있는 기준가격을 말한다. 이는 덤핑방지관세를 물리기 위한 복잡한 절차를 생략하고, 수입이 증대함에 따라 커다란 피해를 보는 특정 국내산업을 보호하기 위', NOW(), NOW()),
    ('발생주의회계ㆍ현금주의회계', '발생주의회계는 거래나 사건 그리고 환경이 기업에 미치는 재무적 효과를 현금이 수취되거나 지급되는 기간에 기록하는 것이 아니라, 그 거래가 발생한 기간에 기록하는 것을 말한다.', NOW(), NOW()),
    ('발행시장', '발행시장은 새로운 유가 증권 및 채권 등을 발행하는 시장을 의미한다. 회사나 정부 기관은 발행시장을 통해 새로운 주식 및 채권 등을 발행하고 팖으로써 자금을 조달할 수 있다.', NOW(), NOW()),
    ('방카슈랑스', '은행과 보험사가 상호 제휴하여 은행창구에서 직접 보험상품을 판매하는 영업형태이다. 프랑스어로 은행(banque)과 보험(assurance)의 합성어로, 도입 초기에는 은행과 보험사', NOW(), NOW()),
    ('방코델타아시아', '마카오 소재 은행. 1970년대 초부터 북한의 유일한 국제금융거래 창구 역할을 해왔다. 미국은 북한을 테러지원국으로 지정하고 경제적 제재 조치의 하나로 2005년 9월 이 은행을', NOW(), NOW()),
    ('배당락', '결산기일이 지나서 배당을 받을 권리가 없어진 주가의 상태를 말한다. 사업년도가 끝난 다음날 이후 주식을 산 사람은 전년도의 결산에 따른 배당을 받을 권리가 없어지므로 증권거래소는', NOW(), NOW()),
    ('배드뱅크', '배드뱅크(bad bank)는 금융기관의 부실채권이나 부실자산만을 사들여 이를 전문적으로 처리하는 기관이다.   은행이 부동산이나 기계설비 등을 담보로 기업에 대출을 해주었다가 부도', NOW(), NOW()),
    ('백로효과', '특정 상품에 대한 소비가 증가해 희소성이 떨어지면 그에 대한 수요가 줄어드는 소비현상. 남들이 구입하기 어려운 값비싼 상품을 보면 오히려 사고 싶어하는 심리에서 유래한다.', NOW(), NOW()),
    ('밴드왜건효과', '밴드왜건은 행렬을 선도하는 악대차다. 악대차가 연주하면서 지나가면 사람들이 모여들기 시작하고, 몰려가는 사람을 바라본 많은 사람들이 무엇인가 있다고 생각하고 무작정 뒤따르면서 군중', NOW(), NOW()),
    ('밸리효과', '올림픽이나 월드컵 등 대규모 국제행사 개최를 위한 과도한 투자로 경기가 과열되다 행사 이후 경기가 빠르게 침체하는 현상.', NOW(), NOW()),
    ('뱅커스유산스', '수출상이 수입상 앞으로 발행한 기한부어음을 은행이 할인 매입해 수출상에게 대금을 지급 해주고, 수입업자는 기한부어음 만기일까지 대금결제를 유예받는 것.', NOW(), NOW()),
    ('뱅크런', '은행의 대규모 예금인출사태. 은행에 돈을 맡긴 사람들이 은행 건전성에 문제가 있다고 비관적으로 인식하면 그동안 저축한 돈을 인출하려는 생각을 갖게 될 것이다.', NOW(), NOW()),
    ('버냉키쇼크', '미국 연방준비제도이사회(FRB) 벤 버냉키 의장의 임기종료를 앞두고, 미국의 연임 인준안이 미 상원에서 부결돼 글로벌 금융시장에 영향을 주는 것을 가리켜 버냉키쇼크라 부른다.', NOW(), NOW()),
    ('버뮤다옵션', '옵션은 행사시기에 따라 일반적으로 유럽형옵션과 미국형옵션으로 나누고 있다. 유럽형은 만기에만 행사할 수 있는 옵션이고 미국형은 만기이전에 아무때나 행사할 수 있는 옵션이다.', NOW(), NOW()),
    ('벌처펀드', '부실한 자산을 싼 값으로 사서 경제 여건이 좋아지면 비싼 값에 되팔아 차익을 내는 기금이나 회사를 말한다. 벌처란 독수리를 뜻하는데 썩은 고기를 먹는 독수리의 습성처럼, 파산한 기', NOW(), NOW()),
    ('법화', '법화는 금, 은과 같은 상품 화폐와는 달리 그 자체로는 가치가 없지만 정부가 법으로 지불 수단으로 사용하도록 강제하기 때문에 통용되는 화폐를 말한다.', NOW(), NOW()),
    ('베가', '베가는 기초자산의 변동성이 변화함에 따라 옵션 가격이 얼만큼 민감하게 반응 하는지 측정하는 단위이다. 베가는 기초자산의 내재변동성이 1% 변화 했을시 옵션 계약 가격이 얼만큼 반응', NOW(), NOW()),
    ('베블런효과', '상류층 소비자들이 사회적 지위를 과시하기 위해 소비를 하는 결과, 가격이 오르는데도 수요가 줄지 않고 오히려 증가하는 현상.', NOW(), NOW()),
    ('베어마켓', '곰은 싸울 때 아래로 내려 찍는 자세를 취한다는 데 빗대 하락장을 베어 마켓(Bear market)이라 부른다.', NOW(), NOW()),
    ('베어마켓랠리', '일반적으로 주식시장에서 상승장세는 ''랠리''라고 한다. 약세장은 주식거래가 부진하다는 의미에서 곰(bear)에 비유해 베어마켓이라고 한다.', NOW(), NOW()),
    ('베이시스', '[선물의 가격]-[현물의 가격]. 선물거래란 미래 일정시점에 일정 가격으로 실물을 인도하는 계약을 말한다. 이 경우 선물가격은 현물가격에다 현물을 미래의 일정시점까지 보유하는 데', NOW(), NOW()),
    ('베이지북', '미국 연방준비제도이사회(FRB)가 연간 8차례 발표하는 미국 경제동향보고서. 연준 산하 12개 지역 연방준비은행이 기업인, 경제학자 등 전문가들의 의견과 각 지역 경제를 조사·분석', NOW(), NOW()),
    ('베타계수', '베타수치에서 베타(β)는 시장민감도라고도 하며, 주식시장 전체의 가격 변동폭 대비 펀드의 수익률이 얼마나 변동하는지에 대한 민감도를 나타내는 지표다.', NOW(), NOW()),
    ('변동환율제도', '환율이 외환시장 등에서 자유롭게 결정되는 제도. 이론적으로 변동환율제도는 외환시장에서 수요와 공급 간에 불일치가 발생할 때 환율이 즉각적으로 조정되어 균형을 회복하므로 국제수지가', NOW(), NOW()),
    ('변액보험', '다수의 보험계약자가 납입하는 보험료 중 저축보험료를 따로 분리하여 별도의 분리계정을 통해 주식이나 국채ㆍ공채ㆍ사채 등 주로 수익성이 높은 유가증권에 투자하여 그 투자수익을 보험계약', NOW(), NOW()),
    ('보마', '시장의 변동성에 따라 옵션의 베가 값이 어떻게 반응 하는지 측정하는 단위를 ‘보마’로 일컫는다. 이는 옵션 가치의 2차미분 값이다.', NOW(), NOW()),
    ('보복관세', '교역상대국이 우리나라의 수출물품 등에 대하여 관세 또는 무역에 관한 국제협정이나 양자간의 협정 등에 규정된 우리나라의 권익을 부인 또는 제한하거나 기타 우리나라에 대하여 차별적인', NOW(), NOW()),
    ('보장성보험', '사망ㆍ상해ㆍ입원ㆍ생존 등과 같은 사람의 생명이나, 재산 피해와 관련하여 보험사고가 발생했을 때 피보험자에게 약속된 급부금을 제공하는 보험상품을 말한다.', NOW(), NOW()),
    ('보증보험', '보증보험이란 채무자를 보험계약자, 채권자를 피보험자로 하는 손해보험의 한 종류를 말한다. 즉, 횡령, 배임, 절취 등의 불법행위를 보험사고로 하거나 매매, 고용, 도급 기타 계약에', NOW(), NOW()),
    ('보증증서', '보증인(Surety) 은 부채 상환을 보증하는 조직 혹은 사람을 의미한다. 예를 들어, 부채를 지고 있는 A의 보증인이 될 경우, 보증인은 A의 부채 상환을 보증하는 역할을 하며,', NOW(), NOW()),
    ('보합세', '가격이 거의 변동 없이 그대로 유지되는 시세를 가리킨다. 주식시장이나 물가지수 등에 보합세라는 용어가 사용되는데 이는 가격의 급등락이 작은 것을 말한다.', NOW(), NOW()),
    ('보험료지수', '상품의 보험료가 표준순보험료에 대비해 높거나 낮은 수준을 나타내는 지수. 보험상품별 사업비를 얼마나 쓰는지 금액으로 표시하지는 않지만 다른 회사의 같은 종류의 보험상품에 비해 보험', NOW(), NOW()),
    ('보험침투율', '국내총생산(GDP) 대비 보험료 수준을 뜻한다. 보험침투율 : 총보험료/명목GDP', NOW(), NOW()),
    ('보호무역주의', '자국산업이 국제경쟁력을 갖출 때까지 국가가 국내산업을 보호, 육성하면서 무역에 대한 통제를 가하는 정책. 나라마다 각국이 특화한 산업에 집중하고 나머지 산업들은 교역으로 해결할 것', NOW(), NOW()),
    ('보호예수', '보호예수란 은행 등이 거래처의 귀중품·유가증권 등을 요금을 받고 보관하는 행위를 말한다. 또한 증권회사에서 거래선의 유가증권류를 매매거래와는 직접 관계없이 보관하는 경우도 보호예수', NOW(), NOW()),
    ('복리이자', '이자는 계산방법에 따라 단리이자와 복리이자로 나누어 진다. 단리이자는 원금에 대해서만 이자를 계산하는 방식이고, 복리이자는 원금에 대한 이자뿐만 아니라 이자에 대한 이자도 함께 계', NOW(), NOW()),
    ('복수통화바스켓제도', '자국과 교역 비중이 큰 나라의 통화, 예를 들면 달러, 유로, 엔화 등을 바스켓(basket, 꾸러미)으로 한데 묶고 이들 통화의 가치가 변할 경우 각각 교역가중치에 따라 자국통화', NOW(), NOW()),
    ('복합점포', '기존의 금융회사 점포 일부에 별도로 다른 금융회사가 영업소나 부스 형태로 들어와 소규모로 운영하는 형태. 기존의 은행 점포에 소규모 증권 창구나 보험 창구를 신설하는 경우가 일반적', NOW(), NOW()),
    ('본원통화', '중앙은행이 발행한 통화. 통화량의 기초를 이루고 있다 하여 본원통화라 한다. 한국은행이 예금은행에 대해 대출을 하거나 정부가 중앙은행에서 정부예금을 인출할 경우 본원통화가 공급된다', NOW(), NOW()),
    ('볼린저밴드', '주가의 변동에 따라 상하밴드의 폭이 같이 움직이게하여 주가의 움직임을 밴드 내에서 판단하고자 고안된 주가지표를 말한다.', NOW(), NOW()),
    ('부동산버블', '부동산 버블은 수요의 급증, 투기의 성행에 따라 부동산 가격이 치솟는 현상을 가리킨다. 주로 제한적인 부동산 공급에 대한 부동산 수요 증가로 발생한다.', NOW(), NOW()),
    ('부동산투자신탁회사', '다수의 투자자들로부터 자금을 모아 부동산이나 부동산 관련 대출, 유가증권 등에 투자하고 발생하는 수익을 투자자들에게 배당하는 부동산투자회사법상의 주식회사 또는 투자 신탁으로, 부동', NOW(), NOW()),
    ('부동산펀드', '전통적인 투자 자산인 주식과 채권에서 벗어나 투자된 자금을 부동산 개발사업이나 수익성 있는 부동산 등에 투자하고 그로 인해 발생하는 운용수익을 투자자들에게 배당하는 구조를 지닌 상', NOW(), NOW()),
    ('부리이율', '보험에서 이자율에 붙이는 이율로 공시이율과 예정이율이 있다. 공시이율은 회사의 자산운용수익률과 콜금리 등 회사의 운용실적과 실질금리를 상품에 바로 반영하기 위해 정한 이율이고, 예', NOW(), NOW()),
    ('부보예금', '정부와 지방자치단체, 부보금융기관 등을 제외한 예금주가 은행 등에 예치한 예금 가운데 예금보험공사가 보호하는 예금', NOW(), NOW()),
    ('부외거래', '금융기관의 대차대조표 상에 자산이나 부채로 기록되지 않은 거래, 즉 회계장부에 기재되지 않는 거래를 말한다. 예를 들어 은행에 돈을 맡긴 고객에게는 입금표시가 찍힌 정상적인 예금통', NOW(), NOW()),
    ('부트스트래핑', '기업가가 소규모의 자본, 혹은 외부의 투자를 받지 않은 상태로 회사 운영을 시작하는 경우를 가리킨다. 초기에 대규모 자본을 모아서, 혹은 엔젤 투자자나 벤처 캐피탈사의 투자를 받아', NOW(), NOW()),
    ('분할매도', '대규모 물량의 특정 종목을 일정기간에 걸쳐 매도하는 행위를 말한다. 분할매수와는 달리 해당 주식의 시장가격을 하락시키지 않고 대규모 매각을 하기 위해 이루어진다.', NOW(), NOW()),
    ('분할매수', '많은 분량의 특정 종목 주식을 점진적으로 매수해 나가는 것을 말한다. 분할매수는 주로 그 주식의 가격상승을 유발하지 않으면서 많은 물량을 확보하기 위해 이루어진다.', NOW(), NOW()),
    ('불완전판매', '은행, 투자신탁회사, 보험사 등의 금융기관이 고객에게 상품의 운용방법, 위험도, 손실가능성 등을 제대로 알리지 않고 판매하는 것.', NOW(), NOW()),
    ('불편기대이론', '불편기대이론은 장기채권의 수익률이 미래의 모든 단기채권에 예상되는 모든 수익률의 기하평균과 동일하다는 이론이다.', NOW(), NOW()),
    ('불환지폐', '정화(금·은 등 본위화폐)와 태환이 불가능한 화폐. 금본위제 시대에 은행권은 모두 태환지폐였으나, 금본위제를 폐지한 현대 정부 및 중앙은행이 발행하는 화폐는 모두 불환지폐라고 할', NOW(), NOW()),
    ('브렉시트', '영국(Britain)과 ''탈출''(Exit)이 결합한 합성어. 영국의 유럽연합(EU) 탈퇴를 의미한다. EU의 재정 악화가 심화되자 영국이 내야 할 EU 분담금 부담이 커졌고, 이에', NOW(), NOW()),
    ('브로커-딜러', '브로커-딜러(broker-dealer)는 사람 혹은 회사로 자신의 이득을 위해 혹은 다른 주체를 대신하여 증권을 사고 파는 일을 한다.', NOW(), NOW()),
    ('브리튼우즈체제', '국제적인 통화제도 협정에 따라 구축된 국제통화체제. 2차 세계대전 종전 직전인 1944년 미국 뉴햄프셔 주 브레튼우즈에서 개최되고 45개국이 참가한 연합국 통화금융회의에서 각국 대', NOW(), NOW()),
    ('브릭스', '브라질(Brazil)ㆍ러시아(Russia)ㆍ인도(India)ㆍ중국(China) 4개 국가의 영문표기 머리글자를 따서 만든 용어이다.', NOW(), NOW()),
    ('블랙먼데이', '월요일 증시가 대폭락을 맞이할 경우 흔히 ''블랙먼데이(Black Monday)''라고 지칭한다. 역사적으로는 1987년 10월 19일 뉴욕 증시가 개장 초반부터 대량의 팔자 주문이', NOW(), NOW()),
    ('블랙숄즈모형', '1973년에 세 명의 경제학자(피셔 블랙, 마이런 숄즈, 로버트 머튼)가 개발한 유러피안 옵션 가격 산출 모델이다.', NOW(), NOW()),
    ('블랙스완', '발생가능성이 매우 낮아 예측이 거의 불가능하지만 일단 발생하면 엄청난 충격과 파장을 가져오는 사건.', NOW(), NOW()),
    ('블랙컨슈머', '악성을 뜻하는 블랙(black)과 소비자를 뜻하는 컨슈머(consumer)의 합성신조어로 악성민원을 고의적, 상습적으로 제기하는 소비자를 뜻하는 말이다.', NOW(), NOW()),
    ('블록딜', '증권시장에서 기관 또는 큰손들의 대량매매. 시장에 주식이 대량으로 나오면 시장가격에 영향을 미쳐 팔고자하는 가격에 팔수 없는 상황이 초래된다.', NOW(), NOW()),
    ('블루슈머', '미래에 잠재력을 가진 시장을 말하는 ‘블루오션’과 소비자를 뜻하는 ‘컨슈머’의 합성어로 미개척 시장의 소비자, 블루오션을 창출하는 소비자를 뜻한다.', NOW(), NOW()),
    ('블루칩', '오랜 시간동안 안정적인 이익을 창출하고 배당을 지급해온 수익성과 재무구조가 건전한 기업의 주식으로 대형 우량주를 의미한다.', NOW(), NOW()),
    ('비가치재', '소비자에게 나쁜 영향을 미치는 것으로 인식되는 재화나 서비스. 담배, 마약, 매춘 등이 여기에 속하며, 정부는 이러한 것들의 생산이나 소비를 억제하는 정책을 펴는 것이 일반적이다.', NOW(), NOW()),
    ('비과세저축', '이자 및 배당소득에 대해 비과세 하는 금융상품을 말한다. 보통의 금융상품이 일반예금 세율인 15.4%(소득세 14%+주민세 1.', NOW(), NOW()),
    ('비관세장벽', '무역에서 관세를 제외한 방법으로 수출입을 억제하는 정책을 비관세장벽이라고 한다. 비관세장벽의 범위와 종류는 다양하다.', NOW(), NOW()),
    ('비교우위', '한 나라가 국제무역에서 모든 교역 대상 품목을 낮은 비용으로 생산한다 할지라도, 최소한 하나 이상의 특정 상품에서는 상대국이 더 낮은 비용으로 생산하는 경우가 있을 수 있다.', NOW(), NOW()),
    ('비용질병', '어떤 한 분야의 노동생산성이나 효율성이 높아지면 그 분야의 임금이 상승하는데, 그에 따라 다른 분야 역시 임금상승의 압박을 받게 되는 현상.', NOW(), NOW()),
    ('비용편익분석', '사업으로 발생하는 편익과 비용을 비교해서 시행 여부를 평가하는 분석 방식. 사업 시행으로 수반되는 장래의 편익과 비용을 현재가치로 환산한 뒤, 총편익을 총비용으로 나눈 비율이 1', NOW(), NOW()),
    ('비차익거래', '차익거래처럼 선물시장과 현물시장에 동시에 주문을 내는 것이 아니라 현물만을 거래대상으로 하여 코스피 종목 가운데 15개 이상 종목을 묶어서 대량으로 한번에 주문을 내는 경우를 말한', NOW(), NOW()),
    ('빅맥지수', '세계 각국에서 판매되고 있는 맥도날드 빅맥 햄버거의 가격을 미국에서의 판매가격과 같게 만들어주는 환율. 영국의 경제주간지 「이코노미스트(The Economist)」가 1986년부터', NOW(), NOW()),
    ('빅뱅', '1986년 영국 증권거래소가 실시한 일련의 증권제도의 대개혁을 말한다. 원래는 ‘우주를 탄생시킨 대폭발’을 뜻하는 말이나, 경제적으로는 급격한 금융규제완화 또는 금융혁신을 의미한다', NOW(), NOW()),
    ('사모투자전문회사', '소수(50인 미만)의 투자자로부터 자금을 모아 그 재산을 주식 또는 지분에 투자하고, 투자한 회사의 기업가치를 제고하여 수익을 사원에게 배분하는 것을 목적으로 하는 간접투자기구(펀', NOW(), NOW()),
    ('사모펀드)', '소수의 비공개로 투자자의 자금을 모아 주식이나 채권에 투자하는 펀드로 고수익기업투자펀드라고도 한다. 고수익을 추구하지만 그만큼 위험도 크다.', NOW(), NOW()),
    ('사무라이본드', '일본 채권시장에서 비거주자인 외국정부나 기업이 발행하는 엔화표시 채권으로 국제금융시장에서 거래되는 국제채권이다.‘사무라이’라는 명칭은 일본을 대표한다고 여겨 이렇게 명명한 것이다.', NOW(), NOW()),
    ('사업소득', '사업소득이란 개인이 계속적으로 행하는 사업에서 얻어지는 소득을 말한다. 일반적으로 사업이란 독립적인 지위에서 영리를 목적으로 계속, 반복적으로 행하는 사회적 활동을 의미하는 바,', NOW(), NOW()),
    ('사이드카', '선물가격이 전일 종가 대비 5% 이상 변동(등락)한 시세가 1분간 지속될 경우 주식시장의 프로그램 매매 호가의 효력이 5분간 정지되는데 이를 사이드카라고 한다.', NOW(), NOW()),
    ('사적재', '사적재란 배제성(Excludability)이나 경합성(Rivalry)이 있는 재화를 의미한다. 즉, 상당한 대가를 치러야만 소비에 참여할 수 있고 한 사람이 추가로 소비에 참여하면', NOW(), NOW()),
    ('사회적경제', '사회적경제는 사회와 경제가 결합된 용어로, 사회 구성원들이 자발적으로 참여해 이익을 함께 추구하고 서로 힘을 합쳐 어려운 일들을 해결하는 경제 활동을 의미한다.', NOW(), NOW()),
    ('사회적할인율', '공공정책 관련 분석에서 각기 다른 시기에 발생하는 비용과 편익을 현재가치로 환산하기 위해 적용하는 할인율. 예를 들어 사회적 할인율이 연 10%라면 내년의 11억원의 현재 가치는', NOW(), NOW()),
    ('사회책임투자', '금융사가 주식, 채권 등 금융자산에 투자할 때 무기, 아동, 노동착취, 환경오염 등 사회적으로 해로운 계약이나 기업에는 투자하지 않는 등 투자의 대상과 방식을 선별한 투자를 일컫는', NOW(), NOW()),
    ('사후검증', 'VaR 모형이 시장리스크를 올바르게 측정하고 있는지, VaR의 추정치들이 얼마나 유효한지 판단하기 위해 도입된 절차이다.', NOW(), NOW()),
    ('산업금융채권', '산업금융채권은 한국산업은행법에 따라 산업은행이 1954년부터 기간산업 등에 대한 자금지원을 목적으로 발행한 특수채증권이다.', NOW(), NOW()),
    ('산업자본주의', '산업자본주의는 18세기 중반에 발생한 산업 혁명의 결과로 영국을 시작으로 제조업이 자본 축적과 경제 발전의 원동력이 되는 경제 체제를 말한다.', NOW(), NOW()),
    ('산업조직론', '경제학의 한 분야로, 기업들 간의 경쟁 양상에 따른 ‘시장 구조’가 기업들이 선택하는 ‘행동’에 미치는 영향, 그리고 기업 행동으로 인한 시장의 ‘성과’ 변화를 체계적으로 분석하는', NOW(), NOW()),
    ('산업피해구제수준', '국내산업피해를 적절히 제거할 수 있는 덤핑방지 관세율. 덤핑마진(Dumping Margin)과 상대되는 개념이다.', NOW(), NOW()),
    ('상계', '채권자와 채무자가 서로 같은 종류의 채권ㆍ채무를 가지는 경우에 그 채권과 채무를 대등액에 있어서 소멸케 하는 의사표시를 말한다.', NOW(), NOW()),
    ('상계관세', '수출국으로부터 장려금이나 보조금을 지원받아 가격경쟁력이 높아진 물품이 수입되어 국내산업이 피해를 입을 경우, 이러한 제품의 수입을 불공정한 무역행위로 보아 이를 억제하기 위해 부과', NOW(), NOW()),
    ('상사채권', '민사채권이 개인 간 금전거래로 발생하는 것이라면, 상사채권은 상행위로 발생한 금전채권을 말한다. 상법상 기본적 상행위로서의 상사채권은 금융기관의 대출거래 등 20여개의 상행위를 열', NOW(), NOW()),
    ('상승잠재력', '상승잠재력이란 상승할 수 있는 잠재력을 가지고 있는 것을 말한다. 증권이나 증권지수에서는 가격상승이나 지속가능성 등을 통해 앞으로 합당하게 기대될 수 있는 가격이나 이득을 화폐단위', NOW(), NOW()),
    ('상업사용인', '상법상의 용어로 특정 영업주에게 종속되어 영업주의 영업활동을 대리하는 사람을 말한다. 회사원, 사무원, 지배인 등이 상업사용인에 속한다.', NOW(), NOW()),
    ('상업참고금리', '수출신용의 보조금적 요소를 제거하기 위하여 OECD 가이드라인 금리를 시장금리화하는 과정에서 개발된 개념이다. 상업참고금리는 다음과 같은 원칙에 의거 설정된 이자율로 통상 기준국채', NOW(), NOW()),
    ('상장', '증권거래소에서 매매할 수 있는 품목(종목)으로 지정하는 일을 말한다. 증권이 거래소에서 매매되면 발행회사의 사회적 평가가 높아져 증자, 기채(起債) 등이 용이해지는 등 여러 좋은', NOW(), NOW()),
    ('상장실질심사', '문제가 있는 부실상장기업들에 대한 퇴출을 강화하기 위한 제도이다. 상장사가 공시의무 또는 회계처리기준을 위반했거나 횡령, 배임 혐의 등이 발생했을 때 거래소 임원과 변호사, 회계사', NOW(), NOW()),
    ('상장지수펀드', 'KOSPI200지수와 KOSPI50지수와 같은 특정 주가지수의 수익률을 따라가는 지수연동형 펀드를 구성한 뒤 이를 거래소에 상장하여 주식처럼 실시간으로 매매할 수 있도록 발행ㆍ유통', NOW(), NOW()),
    ('상품거래소', '상품거래소는 거래상품과 단위, 시간 등이 표준화, 규격화되어 대량으로 유통되는 시장이다. 금융거래소와 달리 실체가 있는 상품을 기반으로 하기 때문에 상품 품질관리ㆍ보관 등을 위한', NOW(), NOW()),
    ('상품권', '특정한 채권자를 지정함이 없이 증권(證券)의 소지인에게 변제하여야 하는 증권적 채권을 무기명 채권이라고 하는데, 무기명 채권의 하나가 상품권이다.', NOW(), NOW()),
    ('상품신용공사', '미국의 농산물 가격 지지, 농산물 구입 및 판매 등을 전담하기 위해 농무성 산하에 설치되어 있는 기관이다. 미국은 1933년 뉴딜정책 가운데 농산물가격지지 정책에 의거하여 상품신용', NOW(), NOW()),
    ('상한가/하한가', '주식시장에서 개별 종목의 가격이 하루 동안 오르거나 내릴 수 있는 가격 제한 폭을 의미한다. 상한가는 전일 종가 기준으로 오를 수 있는 최대 금액이고, 하한가는 하루 동안 주가가', NOW(), NOW()),
    ('상호부금', '상호부금은 일정한 기간을 정하여 부금을 납입한 경우에는 일정 금액을 대출받을 수 있는 권리가 보장되는 것이 특징이다.', NOW(), NOW()),
    ('상호신용금고', '서민과 소규모 기업의 금융편의를 도모하고 저축을 증대하기 위하여 설립된 금융기관이다. 1972년 ‘상호신용금고법’에 의해 설립된 금융기관으로 2001년 국회에서 ‘상호신용금고법’을', NOW(), NOW()),
    ('상호출자', '회사 간에 상대회사의 주식을 상호보유하는 것을 말한다. 상호출자에는 일반적으로 직접 상호출자, 방사선식 상호출자, 환상적 상호출자, 복합적 상호출자 등 4가지 유형이 있다.', NOW(), NOW()),
    ('상환', '상환이란 채권, 단위형 투자신탁, 상환주식 등의 발행주체가 투자자에게 원금을 돌려 주는 행위를 말한다. 상환방법에는 기한이 되어 돌려주는 만기상환과 기한 중에 돌려 주는 기중상환이', NOW(), NOW()),
    ('상환전환우선주', '상황전환우선주(Redeemable Convertble Preference Shares)는 투자자가 상황에 따라 상환을 요구할 수 있는 권리와 전환을 요구할 수 있는 권리가 부여된', NOW(), NOW()),
    ('생산용량제한', '생산용량제한이란 각 기업의 생산용량이 제한되어 있다는 것을 의미한다. 다시 말해 어떤 정상적인 조건에서 주어진 시간동안 기업이 산출해낼 수 있는 최대 생산량이 정해져 있는 것이다.', NOW(), NOW()),
    ('생산자물가지수', '생산자들이 판매하는 제품들의 가격수준을 측정하는 지표. 국내에서 생산하여 국내시장에 출하되는 모든 재화와 서비스요금(부가가치세를 제외한 공장도 가격)의 변동을 측정하기 위해 작성한', NOW(), NOW()),
    ('생산자잉여', '생산자가 얻는 가치를 생산자잉여라 하는데, 시장가격과 공급곡선 사이 면적의 크기로 계산할 수 있다. 공급곡선은 생산단위 당 한계비용을 나타내기 때문에, 시장가격과 한계비용 간의 차', NOW(), NOW()),
    ('생애소득', '재직기간 동안의 보수와 퇴직소득의 합에서 보험료를 뺀 것으로 직장인이 첫 취업 후 평생 동안 받는 소득의 총액을 의미한다.', NOW(), NOW()),
    ('생활물가지수', '소비자물가 조사대상 품목 중에서 일반소비자들이 자주 구입하는 기본생활필수품 156개를 선정하여 이들 품목의 가격수준을 측정하는 지표.', NOW(), NOW()),
    ('샤프지수', '주간 펀드 수익률에서 양도성예금증서(CD) 금리를 뺀 수치를 주간 펀드 수익률의 변동성, 즉 표준편차로 나눈 값을 말한다.', NOW(), NOW()),
    ('서브프라임모기지론', '신용등급이 낮은 저소득층에게 주택자금을 빌려주는 미국의 주택담보대출상품. 우리말로는 ‘비우량주택담보대출’이라 한다.', NOW(), NOW()),
    ('서킷브레이커', '전기 회로에서 서킷브레이커가 과열된 회로를 차단하는 장치를 말하듯, 주식시장에서 주가가 갑자기 급락하는 경우 시장에 미치는 충격을 완화하기 위하여 주식매매를 일시 정지하는 제도로', NOW(), NOW()),
    ('석유수출국기구', '국제석유자본(석유 메이저)에 대한 발언권을 강화하기 위하여 주요 석유 생산ㆍ수출국들이 결성한 조직. 1960년 9월 원유가격 하락을 방지하기 위해 이라크 정부의 초청으로 개최된 바', NOW(), NOW()),
    ('선강통', '광둥성 심천(深圳)증시와 홍콩 증시간의 교차매매를 말한다. 중국 자본시장은 2014년 후강통(港通·상하이와 홍콩 증시 간 교차매매)을 실시한데 이어 2016년도 12월5일부터 시행', NOW(), NOW()),
    ('선도은행', '은행산업의 흐름을 주도해 나가고 여신운용이나 의사결정에서 다른 은행의 모범이 되는 은행을 말한다. 국제금융체제ㆍ도소매금융시스템ㆍ네트워크ㆍ인력자원 등 모든 면에서 비교우위에 있는 은', NOW(), NOW()),
    ('선도환/선물환거래', '선도환은 선물환이라고도 하며 미래의 일정기간 내에 일정금액, 일정종류의 외환을 일정 환율로 매매할 것을 약속한 외국환을 뜻한다.', NOW(), NOW()),
    ('선물거래', '선물(futures)거래란 장래 일정 시점에 미리 정한 가격으로 매매할 것을 현재 시점에서 약정하는 거래로, 미래의 가치를 사고 파는 것이다.', NOW(), NOW()),
    ('선박펀드', '새 배를 만들거나 중고선을 사들여서 해운회사(용선사)에 빌려준 뒤 임대료(대선료)를 받아 투자자들에게 배당해주는 상품이다.', NOW(), NOW()),
    ('선별', '거래 상대방에 대한 정보가 부족할 때 거래의 대상자로서 바람직하지 않은 상대방과 거래하게 되는 문제가 발생할 수 있다.', NOW(), NOW()),
    ('선일자수표', '장래에 예금할 예정으로 장래의 어느 일자를 그 발행일로 하여 발행하는 수표를 선일자수표라 한다. 즉, 수표에 기재되어 있는 발행일 이전에 발행되어 있는 수표를 가리킨다.', NOW(), NOW()),
    ('선점효과', '게임이론에서 먼저 전략을 선택하는 경기자가 나중에 선택하는 경기자보다 유리한 경우 전자에게 선점효과가 있다고 지칭한다.', NOW(), NOW()),
    ('선하증권', '화물을 운송하기 위해 철도 또는 선박에 적재하였다는 사실을 운송인, 선장 또는 대리인이 인정하여 서명한 문서를 말한다.', NOW(), NOW()),
    ('성장사다리펀드', '정부가 벤처생태계를 촉진하기 위해 2013년 8월 조성한 펀드다. 이스라엘의 벤처캐피털(VC)인 ‘요즈마펀드’를 본땄다.', NOW(), NOW()),
    ('세계경제전망', '국제통화기구(IMF)가 매년 2차례 발간하는 보고서로, 세계경제의 단기적 경기변동과 중장기 경제성장에 대한 전망, 그리고 주요 경제문제들에 대한 분석을 담고 있다.', NOW(), NOW()),
    ('세계경제포럼', '세계경제 발전에 기여하는 것을 목적으로 설립된 국제민간협력기구. 1971년 비영리 재단으로 설립되었고 본부는 스위스 제네바에 있다.', NOW(), NOW()),
    ('세계무역기구', '상품, 서비스, 지적재산권 등 모든 교역 분야에서 자유무역질서를 확대하기 위해 1995년 1월 1일 출범한 국제기구.', NOW(), NOW()),
    ('세계박람회', '인류의 노력으로 성취된 발전의 모습과 미래에 대한 전망을 일정한 주제 하에 전시하여 인류를 계몽하고 개최국의 경제ㆍ사회적 발전을 알리는 세계인의 축제이다.', NOW(), NOW()),
    ('세계은행', '국제부흥개발은행(IBRD)의 약칭으로, 1944년 7월 조인된 브레튼우즈협정에 기초해 1945년 12월 미국 워싱턴에 본부를 두고 설립된 국제협력기구다.', NOW(), NOW()),
    ('세계은행그룹', '공식명칭은 없으나 국제부흥개발은행(IBRD)과 관련 기구인 국제개발협회(IDA), 국제금융공사(IFC), 국제투자보증기구(MIGA), 국제투자분쟁해결본부(ICSID)를 통합하여 부', NOW(), NOW()),
    ('세계잉여금', '회계연도에 수납된 세입액으로부터 지출된 세출액을 차감한 잔액을 말한다. 예산회계법에서는 매 회계년도 세입세출의 결산상 생긴 잉여금이라고도 한다.', NOW(), NOW()),
    ('세계지적소유권기구', '저작권과 특허, 상표 등 광범위한 분야에서 지적소유권을 보호하기 위해 1974년 설립된 유엔 전문기관의 하나. 본부는 스위스의 제네바에 있다.', NOW(), NOW()),
    ('세금해방일', '순수하게 자신의 소득을 위해 일하기 시작한 날. 세금해방일은 자유기업원이 매년 발표하는 것으로, 조세총액을 국민순소득(NNI)으로 나눈 조세부담률을 연간 일수로 분할해 산출한다.', NOW(), NOW()),
    ('세무검증제도', '고소득 전문직의 소득세 신고시 세무사에게 장부기장 내용의 정확성 여부 및 수입금액 누락, 가공 경비 계상을 통한 소득 탈루 여부를 검증받도록 의무화한 제도.', NOW(), NOW()),
    ('세제적격/세제비적격', '세제적격과 세제비적격은 대표적으로 연금 수령 때 쓰이는 용어다. 세제적격 상품은 보험료를 납입하는 동안 소득공제 혜택을 받게 된다. 하지만 연금을 수령할 때에는 연금소득세(5.', NOW(), NOW()),
    ('세타', '‘세타’는 옵션 가격이 시간에 대해 얼만큼 민감한지를 측정한다. 옵션 만기일이 줄어듦에 따른 옵션 가격 변화분을 말한다. 예를 들어 어떤 투자자가 세타 값으로 -.', NOW(), NOW()),
    ('소득배율', '월 평균 소득이 작은 가구부터 큰 가구 순으로 일렬로 세운 뒤 최상위 가구의 소득을 최하위 가구의 소득으로 나눠 구한 값. 빈부격차가 클수록 소득배율 값이 커진다.', NOW(), NOW()),
    ('소득수지', '국제거래에서 노동, 자본 등 생산요소를 제공하면서 발생하는 임금, 배당, 이자 등의 수입 (收入)과 지급의 차이.', NOW(), NOW()),
    ('소버노믹스', '소버노믹스(Sobernomics)란 Sober(술에 취하지 않은)와 Economics(경제)의 합성어로, 술을 마시지 않는 사람들의 경제 활동을 일컫는 말이다.', NOW(), NOW()),
    ('소버린리스크', '한 나라의 정부나 공공기관이 국제금융시장에서 채무상환이 불가해질 위험. 국가부도 등의 경우가 이에 해당된다. 1970년대 개발도상국들이 국제금융시장에서 적극적으로 자금을 빌리기 시', NOW(), NOW()),
    ('소비대차', '소비대차는 대주가 금전 기타 대체물의 소유권을 차주에게 완전히 이전하고 그와 같은 종류 및 수량으로 반환하는 것.', NOW(), NOW()),
    ('소비세', '재화나 서비스의 소비에 대해 과세하는 세금. 소비의 최종 단계에서 해당 재화나 서비스를 소비한 사람에 대해 과세하는 것이 이상적인데 이러한 과세방법을 직접징수 방법이라 하며, 이를', NOW(), NOW()),
    ('소비자기대지수', '현재와 비교하여 6개월 후의 경기ㆍ생활형편ㆍ소비지출 등에 대한 소비자들의 기대심리를 나타내는 지표이다. 주요 기대지수는 경기, 가계생활, 소비지출, 내구소비재, 외식ㆍ오락ㆍ문화 등', NOW(), NOW()),
    ('소비자기본법', '소비자의 권익을 증진하기 위하여 소비자의 권리와 책무, 국가ㆍ지방자치단체 및 사업자의 책무, 소비자단체의 역할 및 자유시장경제에서 소비자와 사업자 사이의 관계를 규정함과 아울러 소', NOW(), NOW()),
    ('소비자단체소송제', '소액의 제품을 구매한 후 피해를 본 다수의 소비자들 개개인은 직접 해당 기업에 소송을 제기하기 어려우므로 소비자단체가 이를 묶어 일괄적으로 소송을 제기할 수 있도록 하는 제도다.', NOW(), NOW()),
    ('소비자물가지수ㆍ생활물가지수', '가계가 소비하는 상품들의 가격수준을 측정하는 지표. 우리나라의 경우 전국 38개 도시의 489개 재화 및 서비스의 가격을 조사하여 작성한다.', NOW(), NOW()),
    ('소비자보호법', '소비자 보호법은 소비자의 권익을 증진하기 위하여 소비자의 권리와 책무, 국가ㆍ지방자치단체 및 사업자의 책무, 소비자단체의 역할 및 자유시장경제에서 소비자와 사업자 사이의 관계를 규', NOW(), NOW()),
    ('소비자신뢰지수', '직업전망, 재정상태, 구매성향 등에 대해 소비자가 낙관적으로 느끼는 정도를 조사ㆍ산정하여 발표하는 지수이다. 소비자가 체감하는 경제상황과 구매의사 등을 반영한다.', NOW(), NOW()),
    ('소비자심리지수', '소비자들의 경제에 대한 전반적 인식을 종합적으로 파악할 수 있는 지표이다. 한국은행이 2005년 1/4 분기부터 편제 및 공표하였고, 2008년 9월 월 단위 조사로 전환된 소비자', NOW(), NOW()),
    ('소비자안전센터', '소비자안전을 위해 한국소비자원에 설치한 소비자 안전 전문기구이다. 위해 정보의 수집 및 처리, 소비자안전 확보 위한 조사 및 연구, 소비자 안전과 관련된 교육 및 홍보, 국제협력', NOW(), NOW()),
    ('소비자안전체감지수', '소비생활에서 사용되는 각종 제품 및 서비스에 대한 소비자들의 안전체감 수준을 파악하기 위해 소비자 안전에 대한 전반적인 인식, 위해 경험(위해정도, 빈도), 안전체감도, 안전확보행', NOW(), NOW()),
    ('소액보험', '국가가 대부분의 보험료를 지불하고 저소득층은 소액의 보험료만 납입하면 일정기간 보험혜택을 받을 수 있도록 하는 보험상품이다.', NOW(), NOW()),
    ('소프트달러', '증권사가 제공하는 기업분석 보고서, 시장정보 제공, 종목 추천 등의 조사분석 서비스에 대하여 거래수수료 형태로 지급하는 서비스 비용을 말한다.', NOW(), NOW()),
    ('손절매', '앞으로 주가가 더욱 하락할 것으로 예상되고, 단기간에 가격상승이 보이지 않는 경우 가지고 있는 주식을 매입 가격 이하로 손해를 감수하고 파는 일을 말한다.', NOW(), NOW()),
    ('쇼군본드', '외국기업이 일본에서 엔화가 아닌 다른 통화로 발행하는 채권. 엔화 표시로 채권을 발행하면 ''사무라이본드''가 된다.', NOW(), NOW()),
    ('숏커버', '공매도 포지션을 청산하기 위한 주식의 재매입. 매도를 하는 것을 숏(short)이라고 한다. 숏커버의 과정을 살펴보면 주식시장에서 지수가 하락할 것으로 예상하여 투자자들은 주식을', NOW(), NOW()),
    ('숏플레이', '환율이 하락할 것이라는 예상을 하고 실수요 없이 투기매도에 나서는 것을 말한다. ↔롱플레이: 숏플레이와는 반대로 환율이 상승할 것이라 예상하고 실수요 없이 투기매수에 나서는 것을', NOW(), NOW()),
    ('수권자본제도', '주식회사에서 정관에 기재한 총발행 예정 주식수 중 일부는 회사 설립시 발행하지만, 나머지는 회사설립 후 필요에 따라 이사회가 발행하는 것을 인정하는 제도를 일컫는다.', NOW(), NOW()),
    ('수동채권', '채권과 채무를 대등액으로 소멸시키는 것을 상계라 하는데, 상계권을 행사하는 자가 가지고 있는 채권이 자동채권이고, 상계를 당하는 자의 채권을 수동채권이라 한다.', NOW(), NOW()),
    ('수량할인', '어떤 소비자의 수요 패턴이 주어진 상황에서, 기업은 그의 수요량을 여러 개의 구간으로 나누어 구간마다 다른 가격을 부과할 수 있다.', NOW(), NOW()),
    ('수의계약', '경매나 입찰 등의 경쟁계약이 아니라 적당한 상대방을 임의로 선택하여 계약을 맺는 것을 말한다. 그렇기 때문에 수의계약을 하게 되면 경쟁 상대가 없기 때문에 공정성이 떨어지고 비리가', NOW(), NOW()),
    ('수익률곡선', '채권의 만기수익률과 만기와의 관계를 나타내는 것이 수익률곡선(Yield Curve)이다. 수익률곡선은 일반적으로 우상향하는 모습을 보인다.', NOW(), NOW()),
    ('수입대체', '수입에 의존하던 재화나 서비스를 국내에서 생산함으로써 해외의존도를 줄이는 것을 수입대체라고 하며, 해당 재화나 서비스를 생산하는 부문을 수입대체산업이라고 한다.', NOW(), NOW()),
    ('수입쿼터', '수입 쿼터(import quota) 또는 수입 할당은 수입할 수 있는 최대 수량을 정한 후 그 한도 내에서만 수입을 허가하는 정책으로 비관세 장벽의 대표적인 예이다.', NOW(), NOW()),
    ('수출입물가지수', '수출 및 수입상품의 가격수준을 측정하는 물가지수. 수출입 상품의 가격 변동에 따른 국내 물가의 영향을 미리 측정하거나 수출입 관련업체들의 수출채산성 변동이나 수입원가 부담 등을 파', NOW(), NOW()),
    ('수출입은행', '수출입과 해외 투자, 해외자원 개발 등 대외 경제협력에 필요한 금융을 주로 다루기 위해 정부가 설립한 특수은행이다.', NOW(), NOW()),
    ('수출자율규제', '수출 자율 규제(voluntary export restrictions, VER)는 수출국이 자율적으로 수출 물량을 일정 수준 이하로 억제하는 정책이다.', NOW(), NOW()),
    ('수쿠크', '이슬람국가들이 발행하는 채권. 수쿠크는 채권임에도 불구하고 이자수익 자체를 용납하지 않기 때문에 투자자들은 이자 대신 배당금으로 수익을 배분받게 된다.', NOW(), NOW()),
    ('수평규제', '유사 서비스를 계층별로 구분하고, 동일 계층에 동일 규제를 적용하는 것. 반대말은 수직규제로, 수직규제체계는 기존의 영역/업종간 뿐만 아니라 동일한 영역 내에서 물리적 하드웨어로서', NOW(), NOW()),
    ('수평합병/수직합병', '수평합병은 공급 체인(Supply Chain)에서 동일한 단계, 즉 수평 관계에 있는 경쟁 기업들이 합병하는 것을 말한다.', NOW(), NOW()),
    ('순채권국', '외국에서 빌려온 돈(외채)보다 외국에 빌려준 돈(대외채권)이 더 많은 나라. 반대말은 순채무국', NOW(), NOW()),
    ('순환매', '어떤 종목에 호재가 발생해서 투자자가 몰려 주가가 상승하면, 그 종목과 관련있는 종목도 주가가 상승하게 되어 순환적으로 매수를 하려는 분위기가 형성되는데 이를 순환매라 한다.', NOW(), NOW());

INSERT INTO term (term, definition, created_at, updated_at)
VALUES
    ('슈바베지수', '가계 소득 대비 주거비용이 차지하는 비율. 고소득층일수록 슈바베지수는 낮으며 저소득층일수록 슈바베지수는 높다. 슈바베지수가 25%가 넘으면 빈곤층에 속한다고 본다.', NOW(), NOW()),
    ('슈퍼301조', '1974년도 무역법(Trade Act of 1974)의 301조 규정이 1988년도 종합무역법(Omnibus Trade and Competitiveness Act of 1988)에', NOW(), NOW()),
    ('스마슈머', '똑똑하다는 뜻의 스마트(smart)와 소비자의 컨슈머(consumer)를 더해 만들어진 신조어. ''현명한 소비자''를 뜻한다.', NOW(), NOW()),
    ('스시지수', '일본의 평균적인 가정이 전갱이에 비해 참다랑어(참치)를 얼마나 소비하느냐를 나타내는 지표. 스시의 재료로 전갱이와 참다랑어가 많이 쓰인다는 것에 착안하여 아베노믹스의 효과를 분석하', NOW(), NOW()),
    ('스와프포인트', '외국인이 국내 은행에 원화를 맡기고 달러를 빌릴때 적용되는 비용. 스와프포인트가 낮을수록 달러 자금 사정이 나쁘다는 의미다.', NOW(), NOW()),
    ('스왑', '계약조건 등에 따라 일정시점에 자금흐름의 교환을 통해서 이루어지는 금융기법을 말한다. 이러한 거래를 스왑거래라고 하는데 스왑거래는 사전에 정해진 가격, 기간에 둘 이상의 당사자가', NOW(), NOW()),
    ('스캘핑', '초단타매매를 말한다. 스캘핑은 원래 근소한 가격변동에 민감하게 대응해 매매하는 투기성 선물거래를 말한다. 현물 주식시장에서 초단위로 짧은 시간에 들어가 적은 시세차익을 얻는 기법으', NOW(), NOW()),
    ('스타지수', '기존의 ''코스닥 50''지수를 대체하기 위해 만든 것으로, 코스닥 시장에 상장된 종목 중에서 시장대표성, 유동성 및 재무건전성 등을 감안하여 선정된 우량 30개 종목을 대상으로 한', NOW(), NOW()),
    ('스태그플레이션', '물가상승을 의미하는 ''Inflation''과 정체를 의미하는 “Stagnation”이 결합해 만들어진 합성어. 석유가격처럼 경제 전반의 생산 비용에 영향을 주는 원자재 가격이 급격하', NOW(), NOW()),
    ('스토캐스틱', '주가나 환율의 마감 가격이 일정기간동안 어느 곳에 있었는지를 관찰하기 위해 백분율로 나타낸 단기 기술적 지표를 말한다.', NOW(), NOW()),
    ('스튜어드쉽코드', '연기금과 자산운용사 등 주요 기관 투자가들을 위한 의결권 행사 지침이다. 기관투자가들에게 큰 저택에서 주인 대신 집안일을 맡아 보는 집사나 청지기(스튜어드)와 같은 역할을 기대한다', NOW(), NOW()),
    ('스튜피드', '스페인(S), 터키(T), 영국(UK), 포르투갈(P), 이탈리아(I), 두바이(D) 등 신용위기에 빠질 수 있어 경고 위기에 놓인 6개 국가의 영어 첫글자를 모아 만든 합성어.', NOW(), NOW()),
    ('스펙시트', '스페인(Spain)과 ''탈출''(Exit)이 결합한 합성어. 스페인의 유럽연합 (EU) 탈퇴를 의미한다.', NOW(), NOW()),
    ('스프레드', '은행에서 대출을 받을 때 금리는 우대금리에 대출자의 신용에 따라 금융기관 수수료를 추가해 결정하는데 이를 스프레드라 한다.', NOW(), NOW()),
    ('스프레드거래', '선물거래에서 동일 또는 유사한 기초자산을 대상으로 하는 선물가격이 동일한 방향으로 움직인다는 경향성에 초점을 맞춰, 결제월이나 거래시장이 서로 다른 둘 이상의 선물 계약의 가격차이', NOW(), NOW()),
    ('슬리피지', '매매주문시 발생하는 체결오차 현상으로 원하는 가격에 현물, 선물을 매수할 수 없을 때 발생되는 비용을 말한다. 슬리피지가 발생할 경우에는 원하는 가격에 진입할 수 없거나 진입과 청', NOW(), NOW()),
    ('승수효과', '어떤 경제변량이 다른 경제변량의 변화에 따라 바뀔 때 그 변화가 한 번에 끝나지 않고 연달아 변화를 불러일으켜서 마지막에 가서는 최초의 변화량의 몇 배에 이르는 변화를 하는 경우가', NOW(), NOW()),
    ('승자의재앙', '경쟁에서는 승리했지만 이를 위해 너무 많은 것을 잃게 되는 상황. 이 용어는 1950년대 미국 유전 개발 과정을 분석한 데서 탄생했다.', NOW(), NOW()),
    ('승환계약', '보험 설계사가 다른 회사로 옮기면서 자신이 관리하고 있던 기존 고객의 계약을 해약한 뒤 새로운 회사의 보험계약으로 다시 가입시키는 것을 말한다.', NOW(), NOW()),
    ('시가총액', '상장 주식을 시가로 평가한 주식시장에서 평가되는 그 주식의 가치이다. 전체 주식시장의 시가총액은 그 주식시장의 규모를 나타내며, 한 나라 경제크기의 측정치로서 경제지표로 이용할 수', NOW(), NOW()),
    ('시스템리스크', '시스템리스크는 어떤 사건이 금융시스템의 경제가치 손상이나 신뢰손상을 초래하고 이에 따른 불확실성을 증폭시킴으로써 실물경제에 심각한 악영향을 줄수 있는 리스크이다.', NOW(), NOW()),
    ('시장경제지위', '원가ㆍ임금ㆍ환율ㆍ가격 등을 정부가 아닌, ''시장이 결정하는 경제체제를 갖추었다''고 상대교역국이 인정하는 것. 시장경제지위로 인정받지 못하면 반덤핑 제소를 당했을 때 제3국의 가격기', NOW(), NOW()),
    ('시장규율', '시장참가자가 차입자가 발행한 주식 또는 채권가격 등 시장에서 제공하는 신호를 통해 차입자의 건전성에 대한 감시기능을 수행하는 것을 말한다.', NOW(), NOW()),
    ('시장실패', '시장에서 효율적 자원배분이 이루어지지 못하는 상황. 독점, 외부성, 정보비대칭성 등이 존재할 때 발생하며, 시장실패로 인한 문제를 개선하는 것은 정부가 존재하는 경제학적 이유 혹은', NOW(), NOW()),
    ('시장접근', '판매업자가 자신의 상품이나 서비스를 수요하는 시장에 접근할 수 있는 권리. 외국의 상품 및 서비스 공급자가 국내시장에서 국내 상품 및 서비스 공급자보다 열악한 대우를 받지 않도록', NOW(), NOW()),
    ('시장지배력', '시장지배력이란 특정 기업이 재화나 서비스의 시장가격을 한계비용 이상으로 높일 수 있는 힘을 의미한다. 시장지배력이 극단적으로 낮은 완전경쟁시장에서는 시장가격이 한계비용과 동일한 반', NOW(), NOW()),
    ('시장청산', '어떤 재화에 대한 수요량과 공급량이 일치하는 상태.', NOW(), NOW()),
    ('시장획정', '시장획정이란 특정 상품과 밀접한 경쟁관계가 있는 상품들의 범위를 결정하는 것을 의미한다. 즉, 상품이 속한 관련시장(Relevant Market)의 범위를 결정하는 것이다.', NOW(), NOW()),
    ('시카브펀드', '룩셈부르크에 설정된 펀드. 역외펀드의 한 종류다. 룩셈부르크는 세금이 거의 없는 조세회피 지역이어서 자산운용사들이 역외펀드 등록 지역으로 선호해 왔다.', NOW(), NOW()),
    ('시코노믹스', '멋진 혹은 세련된을 뜻하는 Chic와 경제를 뜻하는 Economics의 합성어. 한정된 경제 여건 내에서 알뜰하게 자신을 꾸미려고 노력하는 생활방식을 의미한다.', NOW(), NOW()),
    ('신BIS협약', '일명 ‘Basel Ⅱ’ 라고도 불리며, 은행의 리스크관리 선진화와 자본충실화를 유도하기 위한 종합적 자본규제제도이다.', NOW(), NOW()),
    ('신경제', '신경제는 제조업 위주의 경제에서 IT를 위시한 서비스업 위주의 경제로의 전환 또는 그로 인한 경제를 지칭한다. 미국경제가 1990년대에 누린 장기호황이 이전에는 보기 힘들었던 ''고', NOW(), NOW()),
    ('신고가/신저가', '주가가 과거에 없었던 최고 가격을 기록한 경우, 그 가격을 신고가라 한다. 신고가종목은 신고가를 기록한 종목들을 말한다.', NOW(), NOW()),
    ('신기후체제', '신기후체제란 지구 온난화의 규제 및 방지를 위한 국가간 국제협약으로, 2020년 만료 예정인 교토의정서(Kyoto Protocol)를 대체할 새 기후변화 체제에 대한 국제적 합의문', NOW(), NOW()),
    ('신뉴딜정책', '2008년 12월 버락 오바마 미국 대통령 당선자가 금융위기를 해결하기 위한 일환으로 1950년대 아이젠하워 대통령 이후 최대 규모의 인프라 투자를 통해 경제를 되살리겠다고 선언한', NOW(), NOW()),
    ('신디케이트', '신디케이트는 1개의 조직이 다루기엔 너무 규모가 크거나 위험할 수 있는 일을 해 내기 위해 임시로 조직된 공통된 목표를 가진고 전문 금융 서비스를 제공하는 조직의 연합이다.', NOW(), NOW()),
    ('신디케이트론', '다수의 은행으로 구성된 차관단이 공통의 조건으로 일정 금액을 차입자에게 융자해 주는 중장기 대출을 말한다. 전통적인 은행대출업무와 투자은행의 인수업무기능이 혼합된 융자 형태이다.', NOW(), NOW()),
    ('신용공여한도제도', '특정인(동일인, 동일차주 등) 또는 기업이나 계열에 대해 제공할 수 있는 신용공여를 금융기관 자기자본의 일정한도 이내로 제한하는 제도이다.', NOW(), NOW()),
    ('신용보증', '신용보증기금이 담보 능력이 부족한 기업의 신용도를 심사하여 신용보증서를 제공함으로써 금융기관으로부터 대출을 받을 수 있도록 하는 제도다.', NOW(), NOW()),
    ('신용부도스왑', '신용부도스왑(Credit Default Swap, CDS)은 채무 불이행과 같은 신용위험에 대비하기 위한 일종의 신용파생상품의 일종이다.', NOW(), NOW()),
    ('신용스프레드', '국고채와 회사채간 금리차이를 뜻한다. 신용스프레드가 커졌다는 것은 기업들이 자금을 빌리기가 어려워졌다는 것을 의미한다.', NOW(), NOW()),
    ('신용장', '은행이 수입상이나 해외여행자의 요청에 따라 이들의 일정한 금액이나 기간 등을 보증하기 위해 발행하는 증서. 국제상업회의소가 정한 화환신용장에 관한 통일규칙 및 관례(Uniform', NOW(), NOW()),
    ('신용창조/신용경색', '은행은 본원적 예금(처음으로 받아들인 예금)이 들어오면 일정비율의 지급준비금만을 남기고 나머지는 대출을 하는데 이 대출금이 또다시 예입되면 그에 대한 지급준비금만 남기고 또다시 대', NOW(), NOW()),
    ('신용파생상품', '기초자산의 신용위험을 분리하여 이를 거래상대방에게 이전하고 그 대가로 수수료를 지급하는 금융상품을 말한다. 신용위험이란 차입자의 부도나 신용등급하락으로 자산가치가 하락하는 위험인데', NOW(), NOW()),
    ('신용평가', '증권을 발행하는 기업이나 금융기관의 재무상황, 경제적 환경 등 정치ㆍ경제적 요소들을 고려하여 발행자의 신인도를 등급으로 나타내는 것을 말한다.', NOW(), NOW()),
    ('신용회복위원회', '신용회복위원회는 과중채무자 급증에 대한 대책의 일환으로 과중채무자의 조속한 경제적 재기를 지원하기 위하여 ‘금융기관 간 신용회복지원협약’에 따라 2002년 10월 출범한 후, 채무', NOW(), NOW()),
    ('신용회복지원협약', '개인신용회복지원을 위한 금융기관 협약이다. 금융기관들의 합의에 의해 체결된 것으로 신용회복지원의 근거이자 원칙이라고 할 수 있다.', NOW(), NOW()),
    ('신탁상품', '위탁자가 특정 재산의 처분권을 수탁자에게 의뢰하고 수탁자는 위탁자의 이익을 위하여 그 재산권을 관리 및 처분하는 법률관계를 신탁이라고 하며.', NOW(), NOW()),
    ('신흥공업경제', '신흥공업경제(Newly Industrializing Economies, NIEs)는 우리나라, 대만, 싱가포르, 홍콩 등 신흥공업경제를 말한다.', NOW(), NOW()),
    ('실권주', '기존주주들이 유상증자에 참여하지 않아 인수되지 않거나 인수가 되었어도 납입기일까지 납입되지 않아 권리를 상실한 잔여주식을 실권주라고 한다.', NOW(), NOW()),
    ('실망실업자', '‘정상적인’ 상태라면 구직활동을 했을 사람이 경기가 지나치게 위축됨에 따라 일자리가 없을 것 같아 구직활동을 포기하고 비경제활동상태에 있는 사람을 말한다.', NOW(), NOW()),
    ('실물자본수익률', '경제주체가 기계장치 등 실물자산에 투자할 경우 얻을 수 있을 것으로 기대하는 수익률을 의미한다. 금융자산 수익률이 자금 공급자와 수요자 간 수급요인에 의해 사전적으로 결정되는데 비', NOW(), NOW()),
    ('실버산업', '고령층을 대상으로 한 상품과 서비스를 생산하는 산업.', NOW(), NOW()),
    ('실업률', '실업자가 경제활동인구에서 차지하는 비율. 즉 실업률=(실업자/경제활동인구)x 100', NOW(), NOW()),
    ('실업자', '일할 의사와 능력을 가지고 있지만 수입이 있는 일에 종사하고 있지 않은 사람. 한 나라의 인구 중 일할 능력을 가진 인력을 생산가능인구라고 하며, 우리나라에서는 15-64세에 해당', NOW(), NOW()),
    ('실적공사비', '건설공사를 계약할 때 공사의 예정가격을 각 공사의 특성을 감안하여 조정한 뒤 입찰을 통해 계약된 시장가격을 그대로 적용하는 방법이다.', NOW(), NOW()),
    ('실질임금', '실제구매력 변화를 평가할 수 있도록 인플레이션을 조정한 화폐임금이다. 물가상승 효과를 제거한 실질적인 임금, 즉 실질적인 구매력으로 나타낸 임금으로서 명목임금을 소비자물가지수로 나', NOW(), NOW()),
    ('실효세율', '납세자가 부담하는 세액의 과세표준에 대한 비율을 말하는 것으로서 법률이 정하는 세율, 즉 표면세율에 대응되는 용어이다.', NOW(), NOW()),
    ('실효환율지수', '자국통화와 모든 교역상대국통화와의 종합적인 관계를 나타내는 환율. 자국통화와 여러 교역상대국 통화와의 환율변동을 가중평균한 지수로서 자국상품의 종합적인 가격경쟁력의 지표가 된다.', NOW(), NOW()),
    ('십분위배율', '소득불균형을 측정하는 지표. 소득계층을 10등분해 최하위 4등급 소득계층의 소득을 최상위 2등급 소득계층의 소득으로 나눠 계산한다.', NOW(), NOW()),
    ('쌍둥이적자', '무역수지 적자와 재정수지 적자가 동시에 발생하는 현상. 1980년대 미국에서 대규모 무역적자와 재정적자가 동시에 일어난 것이 대표적인 사례다.', NOW(), NOW()),
    ('아리랑본드', '한국에 적을 두지 않은 외국기업 등 외국인이 국내시장에서 우리나라 통화인 원화로 발행하는 채권의 명칭이다. 1995년 아시아개발은행 (ADB)가 처음 발행했다.', NOW(), NOW()),
    ('아베노믹스', '아베 (Abe) 일본 총리의 이름과 "Economics"의 합성어.무제한 금융완화, 마이너스 금리 정책 등을 통해 일본 경제를 장기침체에서 탈피시키겠다는 아베 신조 총리의 경제정책', NOW(), NOW()),
    ('아시아개발은행', '아시아개발은행(Asian Development Bank, ADB)은 1966년에 설립된 국제 금융 기구로 아시아와 태평양 지역의 경제 발전과 협력을 촉진하고 역내 개발도상국의 경제', NOW(), NOW()),
    ('아시아공동통화', '한ㆍ중ㆍ일 3국과 동남아시아국가연합(ASEAN) 10개국 등 13개국 통화가치를 가중 평균한 아시아의 단일통화단위.', NOW(), NOW()),
    ('아시아인프라투자은행', '아시아 지역의 경제개발을 목적으로 설립한 국제기구. 미국ㆍ일본 주도의 세계은행, 아시아개발은행(ADB : Asian Development Bank) 등에 대항하기 위해 중국이 주도', NOW(), NOW()),
    ('아웃라이트거래', '외환거래시 환매 등의 조건이 전혀 첨부되지 않는 거래를 말한다. 현물과 선물이 교차거래되는 스왑거래와는 대응되는 개념으로 현물과 선물의 구별에 관계없이 독립성이 보장되어 있다는 것', NOW(), NOW()),
    ('아이언플레이션', '물가상승을 의미하는 ''Inflation''과 철을 뜻하는 ''Iron''이 결합해 만들어진 합성어. 철 가격의 지속적 상승을 뜻한다.', NOW(), NOW()),
    ('아프리카개발은행', '아프리카의 경제 및 사회 개발을 촉진하기 위해 만들어진 국제기구이다. 1964년 9월에 설립되었고 1966년 7월부터 활동을 시작했다.', NOW(), NOW()),
    ('암시장', '정부가 가격상한제를 설정하여 가격을 통제하는 경우, 초과수요가 발생하게 된다. 이때 시장가격보다 높은 가격으로 상품을 판매하는 행위가 발생할 수 있는데, 이로 인해 형성되는 불법적', NOW(), NOW()),
    ('암호화폐', '암호화폐란 디지털 자산 혹은 가상 화폐의 일환으로 강력한 암호 기법을 바탕으로 금융거래 보호, 자산의 생성 및 이전의 확인을 할 수 있는 교환의 매개로서 설계되었다.', NOW(), NOW()),
    ('애그플레이션', '농업을 뜻하는 agriculture와 물가상승을 의미하는 inflation의 합성어. 농산물의 가격이 오르면서 일반 물가가 상승하는 현상을 뜻하는 신조어다.', NOW(), NOW()),
    ('애버취-존슨효과', '애버취-존슨효과란 수익률 규제(Rate of return regulation) 하에서 이윤극대화를 추구하는 기업이 규제가 없을 경우와 비교하여 자본은 과다하게 투입하고 노동은 과소', NOW(), NOW()),
    ('액면금액', '주권(株券)이나 공채ㆍ회사채의 권면(券面)에 기재된 금액. 보통 액면으로 약칭하여 부른다. 1984년 주식의 액면은 현행 상법상 1주에 5,000원 이상으로 균일하여야 한다고 규정', NOW(), NOW()),
    ('액면병합/액면분할', '액면병합은 액면가가 낮은 주식을 합쳐 액면가를 높이는 것을 말하고 액면분할은 액면가가 높은 주식을 분할해 액면가를 낮추는 것을 말한다.', NOW(), NOW()),
    ('액면분할', '액면분할이란 납입자본금의 증감 없이 기존 주식의 액면가격을 일정 비율로 분할하여 발행주식의 총 수를 늘리는 것을 말한다.', NOW(), NOW()),
    ('앱카드', '기존에 사용하던 실물 카드를 스마트폰 어플케이션(앱)에 등록한 후 오프라인과 온라인에서 결제하는 방식이다. 앱카드는 카드사에서 제공하는 전용 앱을 설치한 후 카드를 등록하거나 기존', NOW(), NOW()),
    ('앱테크', '앱테크(Apptech)는 어플리케이션의 App과 재테크의 Tech가 합성된 말로, 스마트폰 어플리케이션을 통해 수익을 벌어들이는 것을 말한다.', NOW(), NOW()),
    ('앳킨슨지수', '불평등 정도를 측정하는 지표 중 하나. 앳킨슨이 창안하였다. 균등분배의 전제하에서 지금의 사회후생수준을 가져다 줄 수 있는 평균소득이 얼마인가를 주관적으로 판단하고 그것과 한 나라', NOW(), NOW()),
    ('약관', '명칭이나 형태 또는 범위를 불문하고 계약의 일방 당사자가 다수의 상대방과 계약을 체결하기 위하여 일정한 형식에 의해 사전에 마련한 계약 내용을 말한다.', NOW(), NOW()),
    ('약관대출', '납입한 보험료 내에서 대출을 받는 것으로, 계약자가 가입한 보험 해약환급금의 70∼80%의 범위에서 수시로 대출받을 수 있는 제도이다. 보험료 담보 대출이라고도 한다.', NOW(), NOW()),
    ('약속어음', '발행인이 일정금액을 일정시기ㆍ장소에서 지불할 것을 약속한 어음이다. 약속어음은 환어음과 함께 완전 유가증권에 속하고, 불요인성(不要因性)ㆍ문언성(文言性)ㆍ요식성(要式性)ㆍ제시성(提', NOW(), NOW()),
    ('약정금리', '은행 등의 금융기관이 기업을 상대로 금전을 대출하거나 어음을 할인하는 경우에 약속하는 금리로서 표면금리라고도 한다.', NOW(), NOW()),
    ('약제비적정화방안', '원칙적으로 모든 의약품을 보험적용 대상으로 하는 관리방식(Negative List System)에서 비용에 비하여 효과가 우수한 의약품 위주로 보험 적용하는 선별등재방식(Posit', NOW(), NOW()),
    ('양건예금', '정기예금을 담보로 한 대출이 정기예금의 설정과 동일 시점에서 이루어질 때의 예금을 가리킨다. 차입자가 은행에서 대출을 받는 조건으로, 은행의 정기적금이나 정기예금에 가입하거나 관련', NOW(), NOW()),
    ('양도담보', '채무자가 담보물의 소유권을 채권자에게 이전하지만, 채무자로 하여금 담보물을 계속 점유하고 사용하도록 하는 것을 양도담보라 말한다.', NOW(), NOW()),
    ('양도성예금증서', '은행의 정기예금에 양도성을 부여한 무기명 증권이다. 발행기관은 은행이고 유통기관은 증권사와 종합금융회사이다. 예금증서는 1900년대 초부터 개인과 기업의 저축성 예금을 흡수하기 위', NOW(), NOW()),
    ('양면시장', '양면시장은 판매자와 구매자 사이의 상호작용이 가능한 플랫폼으로, 이때 플랫폼은 판매자와 구매자 양측에 또는 어느 한 측에 수수료 또는 중개료를 부과하여 수익을 얻는다.', NOW(), NOW()),
    ('양봉/음봉', '양봉: 시가보다 주가가 상승하여 종가가 높게 끝나는 경우를 말한다. 즉, 매수세가 강해지면서 강세로 끝을 맺는 양상을 말한다.', NOW(), NOW()),
    ('양자투자협정', '외국인투자의 보호를 위하여 자본 유입국과 투자국 간에 체결된 협정. 현재 전 세계적으로 약 330개의 협정이 체결되어 있다.', NOW(), NOW()),
    ('양적완화', '중앙은행이 통상적인 공개시장조작의 거래대상이 아닌 국공채나 주택저당증권, 회사채 등을 매입하여 시중에 유동성을 공급하는 정책.', NOW(), NOW()),
    ('양키본드/팬더본드', '미국 자본 시장에서 외국의 정부 및 기업에 의해 발행된 달러화 표시 채권을 말한다. 양키본드가 거래되기 위해서는 미국의 증권 거래 감독 기관인 SEC(Securities and E', NOW(), NOW()),
    ('양허성수준', '차관이 어느 정도 무상 증여적 성격을 가지는지 측정하는 지표. 미래의 차관 원리금 상환액에 대하여 일정률(Differentiated Discount Rate)로 할인한 현재가치를', NOW(), NOW()),
    ('양허협상', '무역협상에서 각국이 자발적으로 제시하는 각 부문별 시장개방계획을 놓고 그 타당성 및 수용여부를 논의하는 것. 양자 및 다자간 협상의 궁극적 목적은 세계교역의 자유화를 넓히는 데 있', NOW(), NOW()),
    ('어슈어뱅킹', '방카슈랑스와 반대되는 개념이자 보험(Assurance)와 은행(banking)의 합성어로, 은행 상품을 판매하는 보험회사를 말하지만 넓은 의미로는 은행업을 직접 수행하거나 은행 자', NOW(), NOW()),
    ('어음', '어음발행인이 소지인에게 일정한 금전의 지급을 약속하거나, 제3자에게 그 지급을 위탁하는 유가증권의 한 형태이다.', NOW(), NOW()),
    ('어음할인', '수취한 어음을 어음만기일 이전에 일정 이자를 지불하고 어음의 액면가보다 낮은 현금과 교환하는 것. 이 때 낸 이자율을 할인료라 하는데, 일반적으로 어음대출의 금리보다 낮다.', NOW(), NOW()),
    ('엄브렐러펀드', '보통 펀드와는 달리 시장상황이나 테마에 따라 지정된 하위의 펀드들을 대상으로 펀드간의 전환이 자유로운 펀드를 말한다.', NOW(), NOW()),
    ('에코플레이션', '‘환경''을 뜻하는 (ecology)’과 물가상승을 의미하는 inflation’의 합성어. 환경적 요인으로 발생하는 인플레이션을 의미한다.', NOW(), NOW()),
    ('에쿼티', '에쿼티(Equity)는 자산의 종류별, 그리고 맥락에 다라서 다양한 의미를 지닌다. 재무적 관점에서는 에쿼티는 특정 자산에 대한 소유의 정도를 나타낸다.', NOW(), NOW()),
    ('엔젤클럽', '장외등록 기업이나 비상장회사 중 기업내용이 우량하고 향후 성장성이 높은 기업에 자본을 투자해 그 기업이 상장되고 나서 높은 수익을 얻는 것을 목표로 하는 투자 모임을 말한다.', NOW(), NOW()),
    ('엔젤투자협회', '한국엔젤투자협회는 엔젤투자자 육성 및 엔젤투자자와 창업기업간의 네트워크 구축, 엔젤투자저변 확대, 기업성장 지원 등 선순환 벤처투자 생태계 조성을 통해 고용창출과 국가 경제성장에', NOW(), NOW()),
    ('엔캐리트레이드', '금리가 상대적으로 낮은 일본의 엔화를 빌려 금리가 높은 다른 국가의 통화나 자산 등에 투자하여 이익을 얻는 금융기법을 말한다.', NOW(), NOW()),
    ('엠파이어스테이트제조업지수', '뉴욕 연방준비은행이 발표하는 경제지표로 뉴욕주의 제조업 경기를 나타내는 지수. 뉴욕에 있는 약 200개 제조업체에 대한 사업상태, 기대치를 평가한다.', NOW(), NOW()),
    ('엥겔지수', '총가계 지출액 중에서 식료품비가 차지하는 비율. 일반적으로 식료품은 소득의 높고 낮음에 관계없이 반드시 얼마만큼 소비해야 하며 동시에 어느 수준 이상은 소비할 필요가 없는 재화이다', NOW(), NOW()),
    ('여신전문금융회사', '신용카드업, 시설대여업, 할부금융업, 신기술사업금융업 등 수신기능 없이 여신업무만을 행하는 금융회사를 말한다. 신용카드업은 신용카드의 이용과 관련된 대금의 결제 업무를 포함한 신용', NOW(), NOW()),
    ('역관세', '가공단계가 낮은 물품의 관세율이 가공단계가 높은 물품의 관세율보다 높은 현상. 역(逆)관세라는 말을 쓰는 이유는, 대부분의 국가가 국내산업을 보호하기 위하여 완제품에 높은 세율을', NOW(), NOW()),
    ('역구매카드', '판매전용카드로 신용등급이 우수한 가맹점이 다수의 거래처에 물품을 판매하고 전자방식에 의하여 외상매출금을 조기회수, 자금화시키는 판매기업 전용 자금회수 시스템이다.', NOW(), NOW()),
    ('역내경제감시기구', '아세안 국가와 한ㆍ중ㆍ일 3개국이 치앙마이이니셔티브(CMI) 다자화 기금체제 하에서 역내 각국의 경제상황을 모니터링하고 신속한 자금지원 결정을 지원하기 위해 설립한 기구.', NOW(), NOW()),
    ('역내포괄적경제동반자협정', '역내포괄적경제동반자협정(RCEP:Regional Comprehensive Economic Partnership)은 동남아시아국가연합(ASEAN) 10개국과 한국·중국·일본 동아시아', NOW(), NOW()),
    ('역머니무브', '시중 자금이 위험 자산에서 안정 자산인 은행 예금으로 몰리는 현상을 말한다. 반대로 은행 예금에서 증시와 부동산 등 고위험 고수익 자산으로 이동하는 것을 ''머니무브''라고 한다.', NOW(), NOW()),
    ('역모기지', '특별한 소득원이 없는 만 55세 이상 고령자들이 보유하고 있는 주택을 담보로 제공하고 금융기관에서 매월 일정액을 연금 형식으로 받는 대출상품.', NOW(), NOW()),
    ('역선택', '역선택이란 거래 상대방에 대한 정보가 없거나 부족할 때 거래 상대로서 바람직하지 않은 상대방과 거래하는 현상을 의미한다. 대표적인 예로 중고차 시장이 있다.', NOW(), NOW()),
    ('역외선물환', '조세, 행정, 금융 등 자국의 규제를 피해 특혜를 누릴 수 있도록 외국(역외)에 형성된 선물환을 말한다. 이러한 시장을 역외선물환시장이라고 한다.', NOW(), NOW()),
    ('역외펀드', '투자자가 속한 국가가 아닌 제3국에서 조성된 펀드이다. 투자자가 속한 국가의 조세제도 또는 운용상의 제약 적용을 받지 않으므로 세금 및 규제를 피할 수 있어 국내 기업의 일부는 자', NOW(), NOW()),
    ('역전세', '전세 계약 갱신 시점에 전세가격이 2년 전보다 낮게 거래되는 것을 역전세라고 한다. 임차인 A가 2년 전에 2억 원을 전세값으로 지불했는데, 계약이 만료된 시점에 전세가격이 1억', NOW(), NOW()),
    ('역진귀납법', '게임이론에서 경기자들이 순서대로 행동하는 전개형 게임의 균형을 구하는 방식으로, 게임의 가장 마지막 단계에서 시작하여 거꾸로 거슬러 올라가며 각 경기자들이 취할 가장 합리적 행동이', NOW(), NOW()),
    ('역진성', '과세기준 금액이 증가함에 따라서 적용되는 세율이 낮아지는 세율구조를 가진 세금. 반대말은 누진세이다.', NOW(), NOW()),
    ('연금', '일정 기간, 혹은 영구기간에 걸쳐서 매년 또는 일정 간격을 두고 행해지는 지불을 일컫는다. 계속되는 기간이 결정된 연금을 확정연금, 계속되는 기간이 확정되지 않은 연금을 불확정 연', NOW(), NOW()),
    ('연금기금', '연금제도에 의해 모여진 자금으로, 연금을 지급하는 원천이 되는 기금을 말하며 보통 줄여서 연기금이라고 한다. 국민연금기금, 사학연금기금, 공무원연금기금 등이 대표적이다.', NOW(), NOW()),
    ('연금사회주의', '연금사회주의는 ''현대 경영학의 아버지'' 피터 드러커가 1970년대 중반 미국 연금들이 기업 최대주주로 올라서 경영에 간섭한 것을 비판하며 처음 내놓은 개념이다.', NOW(), NOW()),
    ('연금저축', '연금저축은 개인이 안정적인 노후생활 준비를 위해 자발적으로 가입하는 제도이다. 최소 5년 이상 납입하고 만 55세 이후부터 연금을 받을 수 있는 것으로, 대표적인 노후대비 금융상품', NOW(), NOW()),
    ('연금충당부채', '현재 수급자 및 장래의 연금 수혜자들에게 장기간에 걸쳐 지급해야 할 연금액을 기대수명 등 조건에 따라 현재 가치로 산출한 부채.', NOW(), NOW()),
    ('연방공개시장위원회', '미국 연방준비제도이사회(FRB) 산하에 있는 위원회로, 통화ㆍ금리정책을 결정하는 기구이며 한국은행의 금융통화위원회와 비슷한 역할을 한다.', NOW(), NOW()),
    ('연방준비제도', '미국의 중앙은행 1913년 12월에 도입에 도입되었다. 미국내 통화정책의 관장, 은행ㆍ금융기관에 대한 감독과 규제, 금융체계의 안정성 유지, 미정부와 대중, 금융 기관 등에 대한', NOW(), NOW()),
    ('연방준비제도이사회', '미국 연방준비제도(FRS : Federal Reserve System)의 의사결정기구. FRB는 12개 연방준비은행 관리총괄기관으로 본부는 워싱턴에 있다.', NOW(), NOW()),
    ('연평균복합성장률', '여러 해 동안의 성장률을 평균으로 환산한 것으로, 매년의 성장률을 산술평균이 아닌 기하평균으로 환산한다. 성장률에 대한 시계열 자료를 기하평균하는 이유는 해당 지표의 증감 추이를', NOW(), NOW()),
    ('열등재', '소득이 증가할수록 수요가 감소하는 재화나 서비스.  반대로 소득이 증가할수록 수요가 증가하는 재화나 서비스를 정상재(normal goods)라고 한다.', NOW(), NOW()),
    ('영구채', '만기가 정해져 있지만 발행회사의 선택에 따라 만기를 연장할 수 있어 원금을 상환하지 않고 일정 이자만을 영구히 지급할 수 있다.', NOW(), NOW()),
    ('예고등기', '등기매매, 증여, 상속 등의 무효/취소가 소송으로 신청된 경우, 법원에서 이러한 소송이 제기되었다는 것을 등기부에 적도록 하여 불의의 피해를 막기 위한 제도다.', NOW(), NOW()),
    ('예금보험제도', '금융기관이 경영부실 등의 이유로 예금자의 예금인출요구에 응할 수 없을 경우 제3자인 예금보험기구가 예금을 지급함으로써 예금자를 보호하고 이를 통해 금융시장의 안정을 유지하고자 도입', NOW(), NOW()),
    ('예금수신액', '은행이 자산을 만들기 위해 고객으로부터 자금을 조달하는 것을 수신이라고 한다. 고객들의 예금을 통해 수신액을 만드는 것을 예금수신액이라고 한다.', NOW(), NOW()),
    ('예금자보호', '금융기관이 영업정지나 파산 등으로 고객의 예금을 지급하지 못하게 될 경우 해당 예금자는 물론 전체 금융제도의 안정성도 큰 타격을 입게 된다.', NOW(), NOW()),
    ('예대마진', '대출금리와 예금금리의 차이로 금융기관의 수입이 되는 부분을 말한다. 예대마진이 크다는 것은 예금의 대가로 지불한 이자에 비해 대출을 해주고 받은 이자가 더 많다는 의미가 된다.', NOW(), NOW()),
    ('예대율', '총예금에 대한 총대출 비율을 말한다. 예대율이 1보다 작다는 것은 자체 예금 자원을 바탕으로 은행이 대출을 할 수 있음을 의미하고, 예대율이 1보다 클 때는 대출을 위해 은행이 추', NOW(), NOW()),
    ('예산집합', '주어진 소득과 가격 하에서 경제주체가 구입할 수 있는 모든 가능한 재화의 조합들의 집합.', NOW(), NOW()),
    ('예수금/미수금', '예수금은 거래에 관계된 자금 등을 미리 받아두는 것을 말한다. 회계에서는 거래를 위해 임시로 미리 받아두고 나중에 지급하는 것을 말하고 증권에서는 주식 거래를 위해 계좌에 넣어둔', NOW(), NOW()),
    ('예정위험률', '과거 일정 기간 동안 일어난 보험사고들의 통계를 기초로 하여, 앞으로 일어날 사고 확률을 예측한 것을 말한다. 보험료 산정에 예정위험률도 포함되므로 예정위험률이 높으면 보험료가 올', NOW(), NOW()),
    ('예정이율', '보험회사가 보험료를 계산할 때 많이 쓰는 용어다. 일반적으로 고객으로부터 받은 보험료를 가지고 보험금 지급 때까지의 운용을 통해 거둘 수 있는 예상수익률을 의미한다.', NOW(), NOW()),
    ('예탁결제원', '한국예탁결제원은 1974년 설립된 종합증권서비스기업으로서 4천조 원에 이르는 증권을 예탁받아 안전하게  보관하고 증권의 매매거래에 따른 결제를 효율적으로 처리하며, 다양한 증권상의', NOW(), NOW()),
    ('옐로우칩', '주식시장에서 대형 우량주인 블루칩(blue chips) 반열에는 들지 못하지만 양호한 실적에 기초한 주가상승의 기회가 있는 종목.', NOW(), NOW()),
    ('오바마노믹스', '버락 오바마 미국 대통령(2009-2017)의 이름과 Economics의 합성어. 오바마 대통령의 경제정책을 의미한다.', NOW(), NOW()),
    ('오버나이트', '금융기관이 다른 금융기관으로부터 빌리는 하루짜리 초단기 외화 콜거래를 뜻하며, 오버나이트를 줄여 O/N으로 부르기도 한다.', NOW(), NOW()),
    ('오버슈팅', '상품이나 금융자산의 시장가격이 일시적으로 폭등·폭락하는 현상을 일컫는다. 시장상품이나 외환의 수급상 급격한 변동에 대해 경제주체가 과도하게 반응할 경우 나타난다.', NOW(), NOW()),
    ('오버행', '주식 시장에서 언제든지 매물로 쏟아질 수 있는 잠재적인 과잉 물량 주식을 의미하는 용어이다. 일반적으로 해당 종목의 현 주가가 교환 가격을 웃돌아 주식으로 전환될 가능성이 높아질', NOW(), NOW()),
    ('오페라본드', '다수의 금융기관 주식을 담보로 채권을 발행하고 일정 기간이 지난 후 채권 인수자가 금융기관을 선택해 해당 기관의 주식으로 전환할 수 있는 권리가 부여된 채권(상품)을 말하며, 선택', NOW(), NOW()),
    ('옵션', '거래당사자들이 미리 정한 가격(행사가격, strike price)으로 장래의 특정시점 또는 그 이전에 일정자산을 팔거나 살 수 있는 권리를 매매하는 계약으로 매입권리가 부여되는 콜', NOW(), NOW()),
    ('완전경쟁시장', '완전경쟁시장이란 다음의 4가지 요건을 갖춘 경제학 이론 상의 시장 구조를 의미한다. 첫째, 완전경쟁시장에서 공급자와 수요자는 재화의 가격을 주어진 것으로 받아들이는 가격수용자(Pr', NOW(), NOW()),
    ('외국환평형기금채권', '‘외국환평형기금''의 재원조달을 위해 정부가 발행하는 채권. 줄여서 ‘외평채’라고도 한다. 외평채는 원화와 외화표시 두 가지로 발행할 수 있는데, 우리나라는 그동안 원화표시로만 발행', NOW(), NOW()),
    ('외부효과', '어떤 사람의 행위가 다른 사람에게 영향을 미치지만 그에 보상을 지급하거나 지급받지 않는 것.  외부효과는 외부불경제(external diseconomy)와 외부경제(external', NOW(), NOW()),
    ('외평채', '자국 통화가치의 안정을 도모하고 투기적인 외화유출입에 따른 외환시장의 혼란을 막기 위해 정부가 조성한 기금.', NOW(), NOW()),
    ('외화가득률', '수출을 통해 실제로 벌어들이는 외화의 비율. 수출상품 가격에서 수입원자재 가격을 금액을 상품수출가격으로 비율로 계산한다 ([(수출액-수입 원자재비)/수출액]×100)).', NOW(), NOW()),
    ('외환보유액', 'IMF 편제에 따르면 외환보유액은 "국제수지 불균형의 직접적인 보전 또는 환율에 영향을 미치는 외환시장 개입을 통한 간접적인 국제수지 불균형 규모 조절 등의 목적으로 통화당국(한국', NOW(), NOW()),
    ('요소가격', '생산을 위해 필요한 토지, 노동, 자본 등을 생산요소라 하는데 이 생산요소가 시장에서 평가되는 가격을 요소가격이라고 한다.', NOW(), NOW()),
    ('요소소득', '가구의 소득은 경상소득과 비경상소득으로 나뉜다. 경상소득은 생산요소를 제공한 대가로 얻는 근로소득, 사업소득, 재산소득과 경제활동과는 상관없이 지급되는 이전소득으로 나뉜다.', NOW(), NOW()),
    ('우루과이라운드', '제2차 세계대전 이후 세계무역체제는 미국이 주도하는 ''관세 및 무역에 관한 일반협정''(GATT: General Agreement on Tariffs and Trade)에 의해 발전', NOW(), NOW()),
    ('우리집물가체험하기', '우리집의 소득과 지출을 입력하면 정부가 발표한 ''소비자물가지수''와 ''우리집물가지수''를 한눈에 비교할 수 있도록 그래프를 제공하는 웹사이트. 국가통계포털(www.kosis.', NOW(), NOW()),
    ('우발채무', '현재는 채무로 확정되지 않았으나 가까운 장래에 돌발적인 사태가 발생하면 채무로 확정될 가능성이 있는 특수채무를 의미한다.', NOW(), NOW()),
    ('우선변제권', '채권자 중 다른 일반 채권자보다 먼저 배당을 받을 수 있는 권리(변제를 받을 수 있는 권리)를 말한다. 선순위권자가 전액을 변제받은 나머지에 대해 후순위권자가 변제를 받게 된다.', NOW(), NOW()),
    ('우선주', '보통주에 대해 배당이나 기업이 해산할 경우의 잔여재산 분배 등에서 우선권을 갖는 주식을 말한다. 우선주는 우선권의 내용에 따라 여러 가지로 분류된다.', NOW(), NOW()),
    ('우편환', '금융기관 계좌 없이 우편을 이용해 현금을 전달하는 서비스로 경조사 때 축의금이나 부의금 등을 전달하는데 사용되는 일종의 증서다.', NOW(), NOW()),
    ('우회덤핑', '반덤핑방지관세 부과를 회피하기 위해 제 3국을 통해 수출하는 행위. 우회덤핑은 주로 조사대상 품목을 분해하거나 미완성 상태로 수입하거나, 조사대상 품목을 분해하거나 미완성 상태로', NOW(), NOW()),
    ('워런트', '일정수의 보통주를 일정 가격에 살 수 있는 권한, 또는 같거나 비슷한 쿠폰금리를 가지는 채권을 살 수 있는 권한을 증권소유자에게 부여하는 증서를 말한다.', NOW(), NOW()),
    ('원금·이자분리채권', '이표채권(coupon bond)의 원금과 미래의 이자금액을 분리하여 각각 무이표채권(zero coupon bond)의 형태로 거래할 수 있는 채권.', NOW(), NOW()),
    ('원산지', '상품의 국적을 판명하는데 있어 원산지란 상품이 생산된 지역을 의미한다. 동ㆍ식물의 경우 성장한 지역을, 제조품의 경우 생산, 제조, 가공 과정이 이루어진 지역을 말한다.', NOW(), NOW()),
    ('원화절상', '원화의 가치가 상승하는 현상. 외환시장에서 원화에 대한 수요가 늘어나거나 공급이 감소하면 외국환에 대한 원화의 가치가 상승한다.', NOW(), NOW()),
    ('원화절하', '원화의 가치가 하락하는 현상. 외환시장에서 원화에 대한 수요가 감소하거나 공급이 증가하면 외국환에 대한 원화의 가치가 하락한다.', NOW(), NOW()),
    ('위코노미', '우리를 뜻하는 We와 경제를 뜻하는 Economy의 합성어. 파편화된 개인이 아니라 협력, 참여, 공생하는 ''우리''가 주인공인 자본주의를 뜻한다.', NOW(), NOW()),
    ('위탁가공무역', '한 나라의 업체가 다른 나라 업체에 원자재를 제공, 생산을 위임하고 생산된 제품을 다시 들여오거나 제3국에 수출하는 무역거래형태. 임가공(賃加工)이라고도 한다.', NOW(), NOW()),
    ('윈도드레싱', '백화점 옷 등의 제품 전시를 멋지게 함으로써 고객의 구매욕구를 자극하는 일. 증시에서는 기관투자가들이 결산기를 앞두고 수익률을 높이기 위해 보유중인 주식을 추가로 매수하거나 매도해', NOW(), NOW()),
    ('유가공시기관', '원유 현물 또는 일부 파생상품 가격을 평가해 발표하는 기관. 주로 장외시장에서 개별적으로 거래되는 원유는 통일된 가격이 존재하기 어려워 PRA가 다양한 정보를 취합해 유가를 평가한', NOW(), NOW()),
    ('유가증권', '유가증권은 특정한 권리의 발생, 행사, 이전을 증권에 의해 행사할 수 있는 것을 의미하며, 크게 화폐증권과 자본증권으로 구분된다.', NOW(), NOW()),
    ('유니콘기업', '유니콘은 원래 머리에 뿔이 하나 달린 신화 속의 동물을 일컫는데 경제분야에서는 기업가치가 10억 달러 이상인 비상장 신생기업(startup)을 말한다.', NOW(), NOW()),
    ('유동성', '어떤 자산을 자신의 가치를 잃지 않으면서 다른 자산으로 바꿀 수 있는 정도. 이러한 특성은 화폐가 가장 높으며, 부동산은 가장 낮은 축에 속한다.', NOW(), NOW()),
    ('유동성공급자', '매수, 매도 호가의 차이로 매매가 부진한 종목의 거래 활성화를 위해 증권사가 매수, 매도가를 조정, 제시하는 것을 말한다. Liquidity Provider라고 한다.', NOW(), NOW()),
    ('유동외채비율', '유동외채를 외환보유액으로 나눈 비율로 외환보유액이 충분한지를 따지는 지표. 여기서 유동외채란 만기 1년 미만 단기외채와 장기외채 가운데 1년 안에 만기가 돌아오는 채무의 합계이다.', NOW(), NOW()),
    ('유동자산', '1년 또는 정상영업주기(제조과정에 투입될 재화와 용역을 취득한 시점부터 제조 및 판매를 거쳐 최종적인 현금회수시점까지 소요되는 기간) 내에 현금화되거나 소비될 것으로 예상되는 재산', NOW(), NOW()),
    ('유럽경화증', '1970년대 유럽 경제가 침체한 상황을 빗댄 말.', NOW(), NOW()),
    ('유럽부흥개발은행', '구소련과 동유럽의 체제가 시장경제체제로 자리잡는 것을 돕기 위한 국제금융기관.  1990년 구소련의 붕괴 이후 동구권 국가들과 구소련 국가들의 시장경제체제로의 전환을 지원하기 위해', NOW(), NOW()),
    ('유럽재정안정기금', '유럽연합(EU)이 재정 위기에 처한 회원국들을 지원하기 위해 설립한 비상기금. PIIGS라 불리는 포르투갈, 이탈리아, 아일랜드, 그리스, 스페인 등의 재정위기가 타 유럽국가로 번', NOW(), NOW()),
    ('유럽중앙은행', '유럽중앙은행(ECB)은 유럽 단일통화인 유로화를 채택한 국가들(유로지역)의 중앙은행으로, 유로지역의 물가 안정을 유지하는 것이다.', NOW(), NOW()),
    ('유로존', '유럽연합 (EU)의 단일화폐인 유로를 국가통화로 도입하여 사용하는 국가나 지역을 통틀어서 부르는 말이다.  유로에어리아(Euroarea), 유로랜드(Euroland)라고 불리기도', NOW(), NOW()),
    ('유보율', '영업활동에서 생긴 이익인 이익잉여금과 자본거래 등 영업활동이 아닌 특수 거래에서 생긴 이익인 자본잉여금을 합한 금액을 납입자본금으로 나눈 비율이다.', NOW(), NOW()),
    ('유사투자자문업자', '불특정 투자자에게 인터넷ㆍARSㆍ간행물 등을 통해 투자자문회사 외의 자가 일정한 대가를 받고 투자조언을 영업으로 하는 자를 의미한다.', NOW(), NOW()),
    ('유상감자/유상증자', '유상감자: 회사가 자본금과 주식의 수를 줄여 자본을 감소시킬 때 자본금의 감소로 발생한 환급 또는 소멸된 주식의 보상액을 주주에게 지급하는 것을 말한다.', NOW(), NOW()),
    ('유치산업보호론', '유치산업(Infant Industry)에 대해 국제경쟁력을 갖출 때까지 관세, 보조금 등의 정책을 통해 보호해야 한다는 이론. 미국의 A.', NOW(), NOW()),
    ('유효수요', '구매력을 동반한 수요. 유효수요의 크기가 작을 때는 경제활동 규모도 작아지게 되며 유효수요의 크기가 클 때는 경제활동 규모 역시 커지게 된다.', NOW(), NOW()),
    ('유휴자금', '유휴자금은 장기투자나 가까운 시일에 소요될 큰 지출 등을 위해 모아두는 자금을 가리키는 말로 소비되지 않고 향후 장기간의 투자를 기다리는 유휴상태의 자금을 뜻한다.', NOW(), NOW()),
    ('은행신탁', '은행이 고객들의 돈을 모아 대출이나 주식, 채권 등 금융 상품 거래 및 운용을 하고 이에 따른 수익을 올리고, 만기 후 고객에게 원리금을 돌려주는 상품이다.', NOW(), NOW()),
    ('은행자기자본금', '은행 운영에 필요한 기초적 자금조달원을 말한다. 총 자산에서 총 부채를 뺀 나머지를 자기자본금이라고 한다. 은행이 지급불능사태에 처했을 때 예금자를 보호하기 위한 최종재원인 동시에', NOW(), NOW()),
    ('은행자본확충펀드', '은행의 국제결제은행(BIS) 자기자본비율을 높이도록 지원함으로써 자본여력 확충을 도모하고, 은행이 기업부문에 자금을 원활히 공급할 수 있는 환경을 마련할 목적에서 만들었다.', NOW(), NOW()),
    ('의무보호예수', '증권시장에 새로 상장되거나, 인수·합병·유상증자 등이 있을 때 일정 기간 동안 최대주주 등이 주식을 팔지 못하도록 한 제도다.', NOW(), NOW()),
    ('이격도', '주가와 이동평균선 사이에 떨어져 있는 정도를 이격도라 한다. 이격도는 현시점의 주가를 이동평균값으로 나눈 값의 백분율로 표시한다.', NOW(), NOW()),
    ('이노베이션', '경제에 새로운 방법이 도입되어 획기적인 새로운 국면이 나타나는 현상. J.A.슘페터의 경제발전론의 중심 개념으로, 생산을 확대하기 위하여 노동ㆍ토지 등의 생산요소의 편성을 변화시키', NOW(), NOW()),
    ('이동평균선', '1960년대 그랜빌이 수학의 이동평균선을 주식으로 가지고 오면서 이동평균선을 주식에서도 활용하게 되었다. 이동평균선은 주가의 평균치를 연결한 선을 말한다.', NOW(), NOW()),
    ('이머징마켓', '개발도상국 가운데 상+G96대적으로 경제성장률이 높고 산업화가 빨리 진전되고 있는 나라의 자본시장. ‘떠오르는 시장’ 또는 ‘신흥시장’으로 해석된다.', NOW(), NOW()),
    ('이자소득', '이자란 자본의 사용대가로 원본금액(元本金額)과 사용기간에 비례하여 지급되는 금전 기타 대체물을 말하며, 이러한 자본(자금)의 이용관계로 인해 발생하는 소득을 이자소득이라고 한다.', NOW(), NOW()),
    ('이전소득', '가구의 소득은 근로소득, 사업소득, 재산소득, 이전소득의 경상소득과 비경상소득으로 나눌 수 있다. 이 중 이전소득(경상이전소득)은 정부나 비영리단체, 다른 가구에서 이전받은 재화,', NOW(), NOW()),
    ('이종통화', '달러화에 대비되는 명칭으로 엔화, 유로화 등 다른 화폐를 가리켜 이종(異種)통화라 부른다.', NOW(), NOW()),
    ('이중가격제', '동일상품 또는 서비스에 대해 거래자나 장소에 따라 두 가격을 유지하는 제도. 일반적으로 다음 세가지 경우에 이중가격제가 적용된다.', NOW(), NOW()),
    ('이표채', '이표채는 영어로 쿠폰본드(Coupon bond)라고 부른다. 이표채 보유자는 채권의 만기까지 일정한 주기에 걸쳐 이자액을 받고, 만기에는 이자액과 액면가를 함께 받을 수 있다.', NOW(), NOW()),
    ('이해상충방지체계', '자본시장법에 따라 투자매매업자, 집합투자업자 등 금융투자업의 겸업을 허용하는 대신 이해상충의 발생을 최소화하기 위해 설치를 의무화한 정보교류 차단장치를 말한다.', NOW(), NOW()),
    ('이행보증금', '건설 또는 무역계약의 실행을 확보하기 위해 적립되는 보증금이다. 건설공사에서 낙찰자로 하여금 이행보증금을 적립하도록 하는 것은 계약을 체결하고도 공사실시를 하지 않을 경우 다시 경', NOW(), NOW()),
    ('인구절벽', '인구절벽이란 소비와 노동, 투자의 주체인 15세~64세의 생산가능인구가 전체 인구에서 차지하는 비율이 급속하게 줄어드는 현상을 의미한다.', NOW(), NOW()),
    ('인덱스펀드', '주가지표의 움직임에 연동되게 포트폴리오를 구성해 운용함으로써 시장의 평균 수익을 실현하는 것을 목표로 하는 상품.', NOW(), NOW()),
    ('인민은행', '1948년에 설립된 중국의 중앙은행인 인민은행은 계획경제 시대에는 유일한 은행으로 중앙은행과 상업은행의 기능을 동시 수행했으나, 1984년 상업기능의 업무를 분리하여 4대 상업은행', NOW(), NOW()),
    ('인적자본', '교육ㆍ훈련 등을 통해 축적된 지식이나 기술 등과 같이 노동생산성을 향상시키는 노동의 질적인 측면을 의미한다. 원래 자본이라는 용어는 생산에 투입되는 공구나 생산시설 등의 물적자본을', NOW(), NOW()),
    ('인정이자율', '기업이 출자자 및 기업주 등 특수관계인에게 무상이나 부당하게 싼 이자로 대출하는 것을 규제하기 위해 만들어진 이자율이다.', NOW(), NOW()),
    ('인터넷전문은행', '물리적 점포 없이 PC와 모바일 등 온라인에서 은행 업무를 제공하는 은행을 말한다. 기존의 전통적인 은행들과 서비스 제공 내용은 유사하지만, 오프라인이 아닌 온라인에서 출발한다는', NOW(), NOW()),
    ('인프라스트럭처', '흔히 줄여서 ''인프라''라 부르며, 우리말로는 사회적 생산기반 등으로 번역된다. 19세기 초 유럽의 철도건설에 어원(''아래에 놓인 기초''를 의미)을 두고 있다.', NOW(), NOW()),
    ('인플레이션', '상품들의 가격수준이 전반적으로 그리고 지속적으로 상승하는 현상. 반대말은 물가하락 (deflation)이다. 물가상승은 총수요의 증가 혹은 경제 전반적인 생산비용 상승 때문에 발생', NOW(), NOW()),
    ('일람불', '일람불은 확인 후에 바로 대금을 지급한다는 뜻이다. 즉, 구비한 서류를 은행에 제시하고 대금을 청구하면 즉시 대금을 지급해주는 것을 일람불이라고 하며 일람출급, 일람출급어음과 같은', NOW(), NOW()),
    ('일반균형', '일반 균형이란 모든 시장이 동시에 균형에 도달한 상태를 의미한다. 부분균형 분석은 다른 시장들의 가격이 일정하다고 가정함으로써 다른 시장으로부터 받을 수 있는 영향을 차단할 수 있', NOW(), NOW()),
    ('일본화', '일본은 1990년대 이후 극심한 내수 침체와 저성장이 지속되고 있는데, 우리나라나 미국, 유럽 등 상대적으로 견조한 성장을 보였던 국가들이 일본경제와 유사한 모습으로 변모하는 현상', NOW(), NOW()),
    ('일시매매정지', '주식시장이나 선물시장에서 주식이나 선물가격의 변동이 지나치게 심할 경우 시장참여자들이 냉정한 투자판단 시간을 가질 수 있도록 일시적으로 매매거래를 중단하는 것을 말한다.', NOW(), NOW()),
    ('일임매매', '투자자가 증권회사에 유가증권의 종목선정, 종목별 수량, 가격, 매매 등을 전부 맡기는 것을 일임매매라 한다. 이때, 유가증권의 종류, 종목수량, 가격, 매매방법 등에 대해서는 고객', NOW(), NOW()),
    ('일중매매', '하루 중 가격등락의 차액을 얻을 목적으로 동일한 종목의 주식, 주식워런트증권, 주식관련선물을 매수한 후 같은 날에 매도하거나, 매도한 후 같은 날에 매수하는 거래하는 것을 말한다.', NOW(), NOW()),
    ('임계매출분석', '임계매출분석이란 시장을 획정하는 방법 중 하나인 SSNIP 테스트를 실제로 적용할 때 활용되는 분석방법이다. 가격이 인상될 때 이윤이 감소하기 시작하는 수준의 판매량 감소를 임계매', NOW(), NOW()),
    ('임대료', '부동산이나 동산을 임대해주고 이에 대한 대가로서 수취하는 돈을 뜻한다. 즉 임대료는 수익자 입장에서 이야기하는 것이며, 엄밀히 말해 임대료를 지급한다고 하는 것은 잘못된 표현이지만', NOW(), NOW()),
    ('임대차', '임대인이 임차인에게 목적물을 사용ㆍ수익하게 할 것을 약정하고, 임차인이 임대인에게 이에 대한 대가를 지급하는 것을 내용으로 하는 계약을 말한다.', NOW(), NOW()),
    ('임차료', '건물 또는 토지 등의 부동산이나 기계ㆍ운반구 등의 동산을 소유주와 임대차계약에 의하여 임차하고 이에 대한 사용료로서 지급하는 비용을 말한다.', NOW(), NOW()),
    ('자문형랩', '운용사에 큰 폭의 자율권이 부여된 일종의 사모펀드. 자산편입비율 등에 규제가 있는 펀드와 달리 시장 상황에 따라 주식, 채권 등 여러 상품에 자율적으로 투자할 수 있다.', NOW(), NOW()),
    ('자본', '자본(Capital)은 금융 자산 혹은 그에 상응하는 금융 가치(예를 들어 펀드, 예금 잔고 등), 공장이나 여타 생산 설비 부문에서 활용되는 도구, 유형 자산 등을 가리킨디.', NOW(), NOW()),
    ('자본화율', '①자본화율은 시가총액을 국내총생산(GDP)으로 나눈 수치. 자본화율 수치가 낮을수록 경제 규모에 비해 증시 규모가 작다는 것을 뜻한다.', NOW(), NOW()),
    ('자본환원율', '부동산으로부터 벌어들이는 돈과 이에 투자한 비용과의 비율을 따져 봄으로써 내 투자 수익률이 얼마나 되는 지 간접적으로 가늠해 볼 수 있는 지표가 바로 Capitalization R', NOW(), NOW()),
    ('자산운용사', '채권과 주식을 매매하고 펀드를 관리하는 펀드매니저가 있는 회사로 뮤추얼펀드에 모인 돈을 운용한다. 자산운용사는 펀드를 만들고 투자자의 이익을 위해 유가증권과 자산을 투자목적에 맞게', NOW(), NOW()),
    ('자산유동화기업어음', '자산유동화회사(SPC)가 매출채권, 부동산, 회사채 등의 자산을 담보로 발행하는 기업어음이다. 통상 3개월 만기의 단기 유동화증권으로 만기가 긴 일반 대출에 비해 금리가 낮다.', NOW(), NOW()),
    ('자산유동화증권', '부동산, 매출채권, 유가증권, 주택저당채권 및 기타 재산권 등과 같은 기업이나 은행이 보유한 유ㆍ무형의 유동화자산(Underlying Asset)을 기초로 하여 발행된 증권   자', NOW(), NOW()),
    ('자연독점', '독점기업이 경쟁자 없이 지속적으로 독점기업으로 시장에 남으려면 잠재적 경쟁 기업을 차단하는 진입장벽이 필요하다.', NOW(), NOW()),
    ('자유방임주의', '자유방임(Laiseez-faire)은 개인의 경제 활동의 자유를 최대한 보장하고 국가의 간섭을 가능한 배제하는 경제 사상을 말한다.', NOW(), NOW()),
    ('자유재', '존재량이 무한하여 특정한 대가를 치르지 않고도 원하는만큼 소비할 수 있는 재화. 희소성이 없어 이를 적절히 활용하는 방안에 대해 고민한 필요가 적기 때문에 경제학의 분석대상에서 제', NOW(), NOW()),
    ('자중손실', '재화나 서비스 시장의 균형이 최적이 아닐 때 발생하는 순손실을 의미한다. 자중손실은 독점가격, 외부효과, 세금이나 보조금, 정부의 가격통제 등으로 발생한다.', NOW(), NOW()),
    ('잔가보장할부', '금액이 큰 물품을 구입할 경우(대개 자동차) 잔가보장할부 프로그램을 많이 사용한다.-총 할부금의 일정금액을 유예하여 유예금을 제외한 할부금에 대한 원금과 이자를 납부함으로써, 할부', NOW(), NOW()),
    ('잠재성장률', '노동이나 자본 등 자원을 최대로 활용하였을 때 달성 가능한 성장률. 한 나라 경제의 최대성장능력을 말한다. 완전고용하에서 물가상승을 유발하지 않고 이룰 수 있는 최대의 성장률을 의', NOW(), NOW()),
    ('잠정주택판매지수', '주택의 매매계약까지는 성사됐으나 대금지급 등 거래가 완결되지 않은 상태를 지수화한 것. ''펜딩주택판매지수''라고도 한다.', NOW(), NOW()),
    ('장기대출프로그램', '유럽연합(EU)의 통화정책을 담당하는 유럽중앙은행(ECB)이 유동성 위기를 겪고 있는 회원국 은행들에게 1%대의 저금리로 3년간 자금을 빌려주는 제도.', NOW(), NOW()),
    ('장외거래', '정규시장인 유가증권시장과 협회중개시장(코스닥시장) 이외의 장소에서 이루어지는 증권거래를 말한다. 주로 증권회사 창구를 통하여 증권업자와 고객간 이루어진다는 뜻에서 점두거래라고도 불', NOW(), NOW()),
    ('장외시장', '증권유통시장은 거래소시장과 장외시장으로 구별된다. 거래소시장은 일정한 거래규칙과 집중된 주문에 의하여 거래가 이루어지는 구체적ㆍ조직적인 시장인 데 반해, 장외시장은 고객과 증권회사', NOW(), NOW()),
    ('장외주식', '유가증권이나 코스닥 시장에 상장되지 않은 회사 주식. 상장요건에 미달하거나 상장 준비 중인 경우, 또는 현금 보유가 많아 공모를 통한 상장이 필요하지 않은 경우 등 다양하다.', NOW(), NOW()),
    ('장외파생상품', '파생상품이란 기초자산 상품으로부터 파생된 상품을 말한다. 이러한 파생상품은 거래의 메커니즘에 따라 장내파생상품과 장외파생상품으로 분류된다.', NOW(), NOW()),
    ('장하성펀드', '고려대 장하성교수가 제안한 ''한국기업지배구조개선펀드''로 투명경영 등 기업지배구조 개선을 통해 기업의 가치를 높이고 소액주주를 보호하기 위한 펀드였다.', NOW(), NOW()),
    ('재고순환', '경기순환에 따라 기업의 재고가 변동하는 주기적 변동 양상. 일반적으로 기업들이 보유중인 원료와 반제품이나 완제품을 재고라 부르는데, 경기가 호황일 때 판매가 늘어나면 기업이 보유중', NOW(), NOW()),
    ('재보험', '보험에 대한 보험, 즉 보험계약 상의 책임 전부 혹은 일부를 다른 보험자에게 인수시키는 보험이다. 보험사들은 자연 재해로 인한 막대한 보험 청구 사건이 발생하여도 재보험을 통해 지', NOW(), NOW()),
    ('재정수지', '정부의 수입과 지출의 차이를 말한다. 예산을 집행한 결과인 결산은 예산에 준하지만 정부 사업의 진척 속도에 따라 정부 지출이 달라질 수 있고 경기 상황의 변화에 따라 조세 수입이', NOW(), NOW()),
    ('재정절벽', '정부의 재정지출이 갑자기 삭감되거나 중단되어 경제에 충격을 주는 현상. 골드만삭스의 이코노미스트 알렉 필리스가 2011년 10월에 쓴 ''수퍼위원회와 재정절벽''이라는 보고서에서 처음', NOW(), NOW()),
    ('재정증권', '국고금의 출납상 일시 부족자금 충당을 위해 금융시장에서 발행하는 유가증권으로 연내 상환해야 하는 단기차입수단. 재정증권 발행규모는 국고금 조달여건 및 지출소요 등을 고려하여 결정된', NOW(), NOW()),
    ('재조달원가', '부동산에서는 현존하는 대상부동산을 가격시점에서 재생산하거나 재취득하는데 소요되는 적정원가의 총액을 말한다. 복제원가와 대치원가가 있다.', NOW(), NOW()),
    ('재택경제', '중국어로 집(家)과 경제(經濟)의 합성어로, 집에서 대부분의 경제활동을 하는 것을 말한다. 온라인에서 필요한 물건을 사고 오락을 즐기는 ''재택소비(자이샤오페이)''와 집에서 일하고', NOW(), NOW()),
    ('재할인율', '일반 시중은행이 자금을 대출하면서 고객으로부터 받은 어음을 중앙은행에 제시하고 자금을 차입하는 것을 재할인이라고 하며, 재할인시 중앙은행이 시중은행에 대해여 적용하는 이자율을 재할', NOW(), NOW()),
    ('재할인율정책', '중앙은행은 금융기관에 빌려주는 자금의 금리를 조정하여 금융기관의 자금조달 비용에 영향을 주는데, 이때 중앙은행으로부터의 차입규모를 조절하여 통화량을 줄이거나 늘리는 금융정책수단을', NOW(), NOW()),
    ('저율관세할당', '양허된 시장접근물량은 저율의 관세를 부과하고 이를 초과하는 물량에 대해서는 높은 관세를 부과할 수 있도록 한 일종의 이중관세제도라 할 수 있다.', NOW(), NOW()),
    ('저축은행', '1972년 설립된 지역 금융기관으로 본래 명칭은 상호신용금고였고, 2001년 3월 상호신용금고법이 상호저축은행법으로 개정되면서 2002년 상호저축은행으로 명칭이 변경되었다.', NOW(), NOW()),
    ('적격자산', '의도된 용도로 사용하거나 판매가능한 상태에 이르는 데 상당한 기간을 필요로 하는 자산을 의미한다.', NOW(), NOW()),
    ('적기시정조치', '금융기관의 건전성을 자기자본구성비율 등 경영상태를 기준으로 몇 단계 등급으로 나누어 일정 등급 이하로 경영상태가 악화된 금융기관을 감독당국이 단계적으로 시정조치를 시행해 나가는 제', NOW(), NOW()),
    ('전국경제인연합회', '1961년 민간 경제인들이 설립한 민간종합경제단체. 자유시장경제 창달과 건전한 국민경제 발전, 올바른 경제정책의 구현과 우리 경제의 국제화 촉진을 설립 목적으로 두고 있으며,  이', NOW(), NOW()),
    ('전략', '게임이론에서의 전략은, 게임 과정에서 발생할 수 있는 모든 상황에 대하여 경기자 자신이 취할 수 있는 행동에 대한 사전 계획을 말한다.', NOW(), NOW()),
    ('전신환', '전신환(telegraph transfer)을 줄여 TT라고도 부르며 외국환을 매매할 때 외화의 송금을 전신으로 위탁하는 방식을 말한다.', NOW(), NOW()),
    ('전자단기사채', '만기 1년 이내, 최저 금액 1억원 이상의 미만의 단기자금을 종이가 아닌 ''전자'' 방식으로 발행 및 유통되는 금융상품으로 줄여서 `전단채''라고도 한다.', NOW(), NOW()),
    ('전자수입인지', '우표형태의 현물 수입인지의 불편을 해소하기 위해 2013년 12월에 도입된 것으로 전자수입인지에 사용자의 이름 등 정보를 표시하여 수입인지 횡령 등을 원천적으로 방지하였다.', NOW(), NOW()),
    ('전환사채', '사채로 발행되었으나 일정한 기간이 지나면 사채권자의 청구가 있을 때 미리 결정된 조건대로 발행회사의 주식으로 전환할 수 있는 특약을 지닌 사채를 말한다.', NOW(), NOW()),
    ('전환주식', '회사가 권리내용이 다른 여러 종류의 주식을 발행하는 경우 다른 종류의 주식으로 전환할 수 있는 권리, 즉 전환권이 인정되는 주식을 말한다.', NOW(), NOW()),
    ('절대우위', '한 생산자 또는 국가가 교역 상대에 비해 동일한 비용으로 특정 재화를 절대적으로 더 많이 생산한다면 그 국가는 해당 재화 생산에 있어 절대우위를 지닌다.', NOW(), NOW()),
    ('정리매매', '거래소에서 관리종목으로 지정된 후에도 관리종목 지정 사유를 해결하지 못하여 상장 폐지기준에 해당되거나, 해산 사유 등으로 관리종목으로 지정되지 않고 바로 상장 폐지기준에 해당되는', NOW(), NOW()),
    ('정보경제학', '정보경제학은 모두에게 동일하고 완벽한 정보가 주어져 있다고 가정하던 기존의 경제이론과는 달리, 경제주체가 완벽하지 않은 정보를 가진 경우 취하는 행동과 그 결과에 대한 분석을 하는', NOW(), NOW()),
    ('정부실패', '정부 실패는 정부의 개입이 오히려 자원 배분의 효율성을 저해하는 상황을 말한다. 정부가 선의를 가지고 시장에 개입하는 경우에도 그 결과가 의도했던 대로 나온다는 보장이 없기 때문에', NOW(), NOW()),
    ('정책함정', '정부가 경기부양을 위해 재정ㆍ통화ㆍ부동산 등의 분야에서 다양한 정책을 추진해도 마치 함정에 빠진 것처럼 정책효과가 나타나지 않는 현상.', NOW(), NOW()),
    ('정크본드', '정크(Junk)란 쓰레기를 뜻하는 말로 정크본드를 직역하면 쓰레기 같은 채권이다. 기업의 신용등급이 아주 낮아 회사채 발행이 불가능한 기업이 발행하는 회사채로 고수익채권 또는 열등', NOW(), NOW()),
    ('정형거래조건', '정형거래조건(International commercial terms)의 약자로 국제매매계약에 이용되는 일반적인 무역용어 해석에 관한 국제 통일 규칙을 말한다.', NOW(), NOW()),
    ('제2금융권', '은행을 제1금융권이라고 하는데 반해, 은행을 제외한 금융기관을 통칭하여 부른다. 은행법의 적용을 받지 않으면서도 일반 상업은행과 유사한 기능을 담당하고 있어 비은행금융기관(non-', NOW(), NOW()),
    ('제3금융권', '제도금융권에 속하지 않는 나머지 금융기관으로 사금융권이란 말과 같은 뜻으로 사용된다. 최근 언론에서는 소비자금융이라고 표현하기도 한다.', NOW(), NOW()),
    ('제3세계', '냉전 시기 (1945-1989)에 자본주의 진영 (제1세계)이나 사회주의 진영 (제2세계)에 속하지 않은 국가들을 부르던 명칭.', NOW(), NOW()),
    ('제로금리', '단기금리를 사실상 0%에 가깝게 만드는 정책. 명목이자율이 0%가 아니라 실질이자율이 0%에 가깝다는 의미이다.', NOW(), NOW()),
    ('제로잉', '덤핑수입에 대한 구제조치. 덤핑관세율 산정을 위한 덤핑마진은 수입국가에서 통용되는 정상가격(내수가격)에서 수출가격을 공제하는 방식으로 계산된다.', NOW(), NOW()),
    ('조건부자본증권', '발행 당시 정한 특정요건(triggerevent) 발생시 주식으로 전환되는 증권. 발행형태는 채권이지만 특정 상황에서는 주식으로 바뀌게 되는 채권과 주식의 속성을 동시에 지닌 증권', NOW(), NOW()),
    ('조기경보시스템', '경제위기를 사전에 감지, 대응할 수 있는 종합적이고 체계적인 위기관리시스템. 정부는 경제상황 점검회의를 개최하여 경제상황에 대한 종합적 판단과 이에 대한 대응방안을 정하고, 경제상', NOW(), NOW()),
    ('조기상환위험', '대출금에 대해 예정된 상환일보다 대출원금을 미리 상환하는 위험을 말한다. 고정금리 대출의 경우, 만기까지의 현금흐름을 감안하여 듀레이션 매치 등의 금리위험 관리기법을 수행하는데 이', NOW(), NOW()),
    ('조달금리', '은행내부의 기준금리를 뜻한다. 즉, 대출자금을 조달할 때 드는 금융비용의 금리를 말하는 것이다. 콜금리, CD금리 등의 변수를 적용하여 공신력있는 여러기관에서 산출한 금리로 CD금', NOW(), NOW()),
    ('조세귀착', '정부가 세금을 부과한 상황에서, 특정 경제주체에게 조세가 귀착되었다는 것은 해당 경제주체가 실질적으로 세금을 부담하고 있다는 것을 의미한다.', NOW(), NOW()),
    ('종신보험', '피보험자가 사망할 때까지를 보험기간으로 하여 피보험자가 사망한 후 유족들에게 보험금이 지급되는 사망보험을 말한다.', NOW(), NOW()),
    ('종합무역법', '미국의 무역수지 불균형을 시정하고 산업 경쟁력을 강화하기 위해 제정한 미국 통상법 중 하나로, 1988년 8월 미 의회를 통과하였다.', NOW(), NOW()),
    ('주가수익률', '주가를 한 주당 당기순이익으로 나누어 주가가 한 주당 순이익의 몇 배가 되는지를 나타내는 지표이다. 한 주당 순이익은 당해연도에 발생한 순이익을 총발행주식수로 나눈 것으로 한 주가', NOW(), NOW()),
    ('주가조작', '주가를 인위적으로 끌어 올리거나 내려서 시세 차익을 보는 것을 말하며 전문용어로 시세조종이라고 한다. 증권 브로커, 대주주 등이 공모해서 특정 기업의 주식을 매입하여 주식값을 폭등', NOW(), NOW()),
    ('주가지수선물거래', '금융선물거래의 한 종류로, 증권시장에서 매매되는 전체 또는 일부 주식의 가격수준인 주가지수를 매매대상으로 한다.', NOW(), NOW()),
    ('주가지수옵션거래', '옵션(Option)이란 말 그대로 무엇을 선택할 수 있는 권리를 의미하는 것으로 특정 자산을 사전에 정한 가격으로 지정된 날짜 또는 그 이전에 매수하거나 매도할 수 있는 권리를 말', NOW(), NOW()),
    ('주권비상장법인', '주권을 유가증권시장에 상장하지 않은 주식회사를 말한다. 주권비상장법인도 주권상장법인처럼 증권거래법상의 일정한 의무가 주어진다.', NOW(), NOW()),
    ('주식대량보유공시제도', '상장법인 등의 발행주식을 5% 이상 새롭게 취득하는 경우, 5% 이상 보유자가 1% 이상 지분을 사거나 팔 경우, 그리고 주식대량보유목적에 변경이 있는 경우 5일 이내에 금융감독위', NOW(), NOW()),
    ('주식예탁증서', '해당 기업이 상장돼 있는 주식시장이 아닌 해외에서 주식을 발행하고자 할 경우 외국의 예탁기관으로 하여금 해외 현지에서 증권을 발행 유통하게 함으로써 원주와 상호 전환이 가능하도록', NOW(), NOW()),
    ('주식회사', '주식의 발행으로 설립된 회사로 사원인 주주의 출자로 이뤄지며, 권리, 의무 단위인 주식으로 나눠진 일정한 자본금을 갖는다.', NOW(), NOW()),
    ('주조이익', '화폐 발행으로 얻는 이익. 화페주조차익 또는 화폐발권차익이라고도 한다. 발행 당국은 화폐를 발행하면 액면가에서 발행비용을 뺀 만큼 이익을 얻는데, 이 이익을 가리킨다.', NOW(), NOW()),
    ('주주권행사', '주주권은 다수결의 원리가 지배하는 주식회사에서 회사 또는 주주의 이익보호를 위하여 소수주주에게 인정한 특별한 권리이다.', NOW(), NOW()),
    ('주주총회', '주식회사의 최고의결기관으로 회의체형식의 의사결정기관이다. 주주총회에는 정시총회와 임시총회가 있다. 정기총회는 매년 1회 일정한 기간(매결산기)에 소집한다.', NOW(), NOW()),
    ('주채권은행제도', '금융기관으로부터 제공받은 총여신(대출+지급보증)이 2,500억 원 이상인 기업에 종합적인 여신관리업무를 담당하는 주관 금융기관을 선정하도록 되어 있는데, 이 금융기관을 주채권은행이', NOW(), NOW()),
    ('주채무계열', '은행업감독규정에 따라 부채가 많은 기업집단(계열)을 주채권은행으로 하여금 통합 관리하게 하는 제도이다. 기준이 되는 신용공여는 기업의 전체 채무 중 금융회사 채무를 포함하는 개념으', NOW(), NOW()),
    ('주택담보인정비율', 'LTV(Loan-to-Value ratio)는 주택가격에 비해 주택담보 대출금액이 어느 정도 차지하는지를 나타내는 비율이다.', NOW(), NOW()),
    ('주택저당증권', '은행 등 금융기관에서 주택을 담보로 제공하고 대출을 받는 경우, 금융기관은 대출자의 주택에 저당권을 설정하고 이를 담보로 대출금을 회수할 권리인 주택저당채권(Mortgage Loa', NOW(), NOW()),
    ('주택채권입찰제', '공공택지에서 전용면적 25.7평(약 85제곱미터)을 초과하는 중대형 아파트를 분양받는 경우 서민 주거안정 등에 필요한 재원을 조달하는 수단인 국민주택채권을 매입하도록 한 것으로,', NOW(), NOW()),
    ('주택청약종합저축', '공공주택 청약이 가능한 청약저축 기능에 민영주택 청약이 가능한 청약 예ㆍ부금 기능을 추가한 종합청약 통장이며, 무주택세대주 여부와 연령에 관계없이 누구든지 1인1계좌로 가입할 수', NOW(), NOW()),
    ('준칙', '준칙은 사전에 정해 놓고 경제 상황이 변화하더라도 고수해야 하는 정책의 운영 방식을 말한다. 프리드먼(M. Friedman)을 비롯한 통화주의자들은 정책 당국의 무능력과 권력 남용', NOW(), NOW()),
    ('중간재', '가공생산품 가운데 최종소비자가 아니라 생산자가 생산과정에 투입물로 사용하는 재화. 일반적으로 원료는 가공이 이루어지지 않은 투입물을 지칭하는데 비해 중간재는 통상적으로 가공을 거친', NOW(), NOW()),
    ('중계무역', '수입한 물품을 국내에 반입하지 않고 원상태 그대로 수출하여 수입대금과 지급금액의 차액을 취하는 무역형태. 비슷한 개념으로는 중개무역(merchandising trade)이 있는데,', NOW(), NOW());

INSERT INTO term (term, definition, created_at, updated_at)
VALUES
    ('중도금', '부동산 등을 거래할 때 계약금과 잔금 사이에 일부 치르는 돈을 말한다. 일반적으로 중도금은 건물, 토지, 기계장치 등의 고정자산을 구입할 때 사용된다.', NOW(), NOW()),
    ('중상주의', '자본주의의 초기 단계인 상업 자본주의가 형성되는 시기에 금, 은과 같은 귀금속으로 측정되는 국가의 부는 생산 과정이 아니라 무역을 중심으로 한 상업에서 창출된다고 본 경제 사상을', NOW(), NOW()),
    ('중앙은행', '한 나라의 화폐발행과 통화신용정책의 수립 및 집행, 금융시스템의 안정, 은행의 은행, 정부의 은행, 지급결제제도의 운영ㆍ관리, 외화자산의 보유ㆍ운용, 은행 경영분석 및 검사, 경제', NOW(), NOW()),
    ('중진국함정', '개발도상국이 경제성장 초기에는 순조로운 성장세를 보이다가 중진국 수준에 도달하면 성장이 장기간 정체되거나 후퇴하는 현상.', NOW(), NOW()),
    ('즉시연금', '즉시연금은 일종의 일시납 저축성보험이다. 고객이 퇴직금 등 목돈을 보험사에 맡기면 연금으로 지급받을 수 있는 상품이다.', NOW(), NOW()),
    ('즉시연금보험', '일반적인 연금과는 달리 일정금액을 한번에 납입함으로써 즉시 연금 수령이 가능한 상품. 미처 연금을 준비하지 못한 50~60대 자산가들이 많이 가입하고 있는 상품으로 매달 일정액의', NOW(), NOW()),
    ('증거금', '주식 또는 파생상품거래에서 결제를 이행하기 위한 보증금을 말한다. 주식의 증거금은 현재 40%이다. 하지만 증거금이 자주 사용되는 거래는 파생상품에서이다.', NOW(), NOW()),
    ('지급여력비율', '보험회사가 보험계약자 등에게 보험금을 제때에 지급할 수 있는지를 나타낸 것으로 보험회사의 경영상태를 판단할 수 있는 지표이다.', NOW(), NOW()),
    ('지급준비율', '각 금융회사가 고객으로부터 받은 예금 중에서 중앙은행에 의무적으로 예치해야 하는 자금의 비율을 말한다. 고객에게 지급할 돈을 준비해 은행의 지급 불능사태를 방지한다는 고객 보호 차', NOW(), NOW()),
    ('지니계수', '지니계수는 이탈리아의 인구ㆍ통계학자이자 사회학자인 지니(Corrado Gini)가 소득분포에 관해 제시한 통계적 법칙인 ‘지니의 법칙’에서 나온 개념으로 소득분포의 불균등 정도를', NOW(), NOW()),
    ('지대추구행위', '앤 크루거(Anne Krueger)가 1974년에 소개한 개념이다. 경제학에서 지대(Rent)란 특정 요소의 공급이 비탄력적이거나 제한적이기 때문에 요소의 공급자가 얻게 되는 소득', NOW(), NOW()),
    ('지배전략', '지배전략은 게임이론에서 사용하는 개념으로, 열등전략(Dominated Strategy)과 반대되는 용어이다. 만약 A전략이 어떤 경기자의 지배전략이라면, 상대방의 전략이 어떤 것이', NOW(), NOW()),
    ('지불준비금', '은행은 돈을 맡기고 기업에게 대출을 하는 중간 거래자의 역할을 하는 사적 기업이다. 이런 자금의 중개 역할을 하는 은행이 수익을 올리기 위해서는 가급적 많은 대출을 해주려고 한다.', NOW(), NOW()),
    ('지속가능발전', '미래 세대의 필요를 만족시키는 능력의 손실 없이, 현세대의 필요를 만족시키는 개발. 인구증가와 경제성장으로 파생되는 전 지구적 문제를 해결하기 위해 자연과 공존하면서 풍요로운 삶을', NOW(), NOW()),
    ('지수연동정기예금', '지수연동정기예금(Equity Linked Deposit)은 예금의 일부가 주식시장 지수의 변동에 연결되어 있는 정기예금을 말한다.', NOW(), NOW()),
    ('지식기반산업', '지식이란 기술과 정보를 포함한 지적 능력과 아이디어를 총칭한다. 단순히 무엇에 대한 인지만을 뜻하는 것이 아니고 그것을 바탕으로 무엇인가 새롭게 창출하고 조직해 체계화함으로써 다시', NOW(), NOW()),
    ('지역금융안전망', '지리적으로 가까운 국가들이 외환보유액 등을 통해 재원을 조성하여 금융ㆍ외환위기에 대응하는 체제. 재원규모와 재원조성 방식, 자금지원 방식, IMF와의 협력, 지원조건 등에 따라 다', NOW(), NOW()),
    ('지역내총생산', '시ㆍ도 등 국가가 아닌 지역단위를 기준으로 측정한 GDP', NOW(), NOW()),
    ('지역상생보증펀드', '경제위기로 경영상의 어려움을 겪고 있는 GM대우와 쌍용차의 협력업체들에게 자금을 지원함으로써 이들 업체의 유동성과 지역경제에 활력을 불어넣자는 취지에서 마련된 펀드다.', NOW(), NOW()),
    ('지역화폐', '지역화폐는 특정 지역에서 자체적으로 발행해 그 지역 내에서만 사용할 수 있는 화폐를 말한다. 국가가 발행하는 법정화폐와 달리 지역자치단체가 발행하고 관리한다.', NOW(), NOW()),
    ('지적자본', '특허권ㆍ상표권ㆍ영업권ㆍ기술 등 무형의 자산과 이러한 자산을 운영하는 연구개발ㆍ창의력ㆍ노하우ㆍ경영진의 관리능력ㆍ기업의 이미지 등을 의미한다.', NOW(), NOW()),
    ('지하경제', '정보가 파악되지 않아 사회가 공식적으로 계측하는 경제활동 추계에 포함되지 않는 경제활동. 지하경제는 신고되지 않은 재화나 용역의 합법적 생산, 불법적인 재화나 용역의 생산, 은폐된', NOW(), NOW()),
    ('직접세', '납세의무자가 담세자로 직접 세금을 내는 조세. 소득이나 재산을 과세물건으로 하는 소득세ㆍ법인세ㆍ상속증여세ㆍ재산세 등이 직접세에 해당된다.', NOW(), NOW()),
    ('진입장벽', '진입장벽이란 기업들이 특정 시장에 진입하지 못하는 원인을 의미한다. 진입장벽의 예로는 요소독점, 특허 및 기술, 대규모의 매몰비용, 정부의 규제가 있다.', NOW(), NOW()),
    ('질권', '채권자가 채무를 갚을 때까지 목적물을 맡아 두었다가 갚지 않을 때 그 목적물로 우선 변제 받을 수 있는 권리를 말한다.', NOW(), NOW()),
    ('질적완화', '질적완화(Qualitative Easing)란 경제 위기 시에 중앙은행이 시중에 유동성을 공급하고 금리를 조절하기 위해 회사채나 ETF 등 위험자산을 직접 매입하는 프로그램을 말한', NOW(), NOW()),
    ('차관계약서', '자금을 차입할 경우 자금을 공여하는 자와 차입자 간에 체결하는 계약서를 말한다. 차관계약서의 내용 및 형식은 국제금융시장의 관행에 따라 구성된다.', NOW(), NOW()),
    ('차금결제', '선물거래의 결제방법으로 구매대금과 판매대금의 차액만을 결제하는 것을 말한다. 상품의 청산거래나 신용거래 때 사용되기도 하지만 주로 반대매매에 의한 매수ㆍ매도 대금의 차액만을 결제한', NOW(), NOW()),
    ('차명계좌', '남의 이름을 빌리거나 도용해 개설한 계좌를 말한다. 가상의 이름을 사용하는 가명(假名)계좌와는 다르다. 보통 불법적인 금융거래, 비자금 관리, 로비활동, 탈세 등의 행위를 위해 사', NOW(), NOW()),
    ('차별관세', '어느 특정국으로 부터 수입되는 상품에 대해 일반적인 관세율과 다른 관세율을 적용하는 것. 일반적인 세율보다 높게 적용되면 할증관세, 낮게 적용되면 할인관세라고 한다.', NOW(), NOW()),
    ('차액결제시스템', '결제시스템은 결제금액, 결제시기, 결제방식 등에 따라 총액결제 시스템과 차액결제시스템으로 구분된다. 차액결제시스템은 금융기관 거래에 따른 은행 간 자금결제를 당일 거래 마감시간까지', NOW(), NOW()),
    ('차이나리스크', '중국경제가 좋지 않을 경우 중국에 대한 의존도가 높은 기업이나 국가가 악영향을 입을 가능성을 지칭하는 용어', NOW(), NOW()),
    ('차이나플레이션', '중국을 뜻하는 China와 물가상승을 의미하는 ''Inflation''의 합성어. 중국은 값싼 물건을 생산해 전세계 물가 안정에 기여해왔지만 최근 중국의 저임금 시대가 끝나가고 부동산', NOW(), NOW()),
    ('차이메리카', '중국(China)과 미국(America)의 합성어. 니알 퍼거슨 하버드대 교수와 모리츠슐라리크 독일 베를린자유대 교수가 2007년 12월 국제경제정책 학술지 ''국제금융''에 게재한', NOW(), NOW()),
    ('차익거래', '두 개의 시장에서 가치가 다른 물건이있을때, 한 곳에서 사고 다른 곳에서 파는 방식으로 무위험 이익을 내는 것.', NOW(), NOW()),
    ('차입축소/레버리지', '레버리지는 ‘지렛대’라는 뜻으로 금융에서는 자본금을 지렛대로 삼아 더 많은 외부 자금을 차입하는 것을 말한다. 레버리지 비율이 높을수록 자기자본대비 부채비율이 높다는 뜻이다.', NOW(), NOW()),
    ('창업엑셀러레이터', '신생 창업기업 발굴․육성을 위해 가장 선진화된 프로그램을 운영하는 창업기획자를 말한다. 초기 창업기업을 발굴하여 엔젤투자, 사업공간, 멘토링 등 종합보육서비스를 제공하여 창업 초기', NOW(), NOW()),
    ('창의자본', '아이디어나 특허권을 매입한 뒤 부가가치를 높여 지식을 필요로 하는 기업에 라이센싱하여 수익을 창출하는 자본을 말한다.', NOW(), NOW()),
    ('채권시가평가제', '펀드에 편입된 채권의 가격을 시장에서 받을 수 있는 현재 가격으로 평가하는 제도이다. 과거 투신사들은 채권형 펀드에 편입된 채권을 매입가격으로 평가한 후 경과이자를 붙여 원금과 이', NOW(), NOW()),
    ('채권시장안정펀드', '채권시장 경색으로 일시적 자금난을 겪고 있는 기업들의 유동성 지원 및 국고채와 회사채의 과도한 스프레드 차이를 해소하기 위해 설립된 펀드.', NOW(), NOW()),
    ('채권유예기간', '부실징후가 있는 기업에 대해 채무의 유예 등의 조치가 필요하다고 판단하면 채권금융기관협의회를 소집하는데 여기에서 채권행사의 유예기간을 정한다.', NOW(), NOW()),
    ('채권최고액', '근저당권으로 담보되는 채권은 현재 또는 장래에 발생할 채권으로 일정한 금액을 한도로 설정되며 이를 채권최고액이라고 한다.', NOW(), NOW()),
    ('채권추심업무', '금융기관과 카드회사, 백화점 등 대형 유통업체들의 불량채권을 대신 회수해 주는 업무로, 채권자의 위임을 받은 채권추심업체는 일정 비율의 수수료를 받는다.', NOW(), NOW()),
    ('채권회수율', '채무 불이행시 파산 절차 등을 통해 회수된 금액을 채권의 액면가로 나눈 비율이다.', NOW(), NOW()),
    ('채무면제ㆍ유예상품', '신용카드사가 매월 회원으로부터 일정한 수수료를 받고 회원에게 사망, 질병 등 사고가 발생했을 때 신용카드 채무를 면제하거나 결제를 유예하는 서비스다.', NOW(), NOW()),
    ('채무불이행', '채무자가 이자나 원리금 상환을 계약에 정해진 대로 이행할 수 없게 된 상황. 채권자가 디폴트(채무불이행) 상황에 빠졌다고 판단하여 채무자나 제3자에게 통보하는것을 디폴트 선언(de', NOW(), NOW()),
    ('청년창업펀드', '청년 창업기업에 초기 투자자금을 지원하고자 정부출자와 민간매칭을 더해 조성한 펀드로, 한국벤처투자(주)에 출자신청서, 서약서, 투자조합결성제안서 등을 제출하면 된다.', NOW(), NOW()),
    ('청약부금', '매월 5만 원이상 50만 원 이하 금액을 일정기간 납입하면 85m2 이하의 민영주택 또는 민간건설 중형국민주택 청약권이 부여되는 것을 주택청약부금이라고 한다.', NOW(), NOW()),
    ('청약예금', '일정금액의 목돈을 정기예금으로 예치해 일정기간이 지나면 민영주택(85m2 이하의 가입자는 민간건설 중형 국민 주택을 포함)청약권이 부여되는 예금을 말한다.', NOW(), NOW()),
    ('체결강도', '주식을 거래할 때, 거래량의 일간 편차가 심하게 나타나고 이상매매가 발생할 때는 인위적인 대량거래가 수반되는 등 주가 예측을 왜곡시키는 요인들이 있다.', NOW(), NOW()),
    ('체리피킹', '사전적 의미로는 ''신 포도를 골라내고 맛있는 체리만 먹는다''는 뜻. 경제학에서는 물건을 사지 않으면서 선물만 받아가는 행위를 말하기도 한다.', NOW(), NOW()),
    ('총계예산주의', '회계연도 내에 일체의 수입을 세입으로 하고, 일체의 경비를 세출로 하여 각각 예산에 계상해야 한다는 원칙을 말한다.', NOW(), NOW()),
    ('총부채상환비율', '채무로 인한 원리금 상환액이 소득에서 차지하는 비중', NOW(), NOW()),
    ('총부채원리금상환비율', '대출을 받으려는 사람의 소득 대비 전체 금융부채의 원리금 상환액 비율, 즉 소득 대비 연간 대출원리금 상환액이 차지하는 비율을 말한다.', NOW(), NOW()),
    ('총수요관리', '정부가 총수요에 영향을 주는 요인을 조절하여 물가나 생산수준 등 국민경제를 관리하는 정책. 총수요관리 정책은 재정정책과 통화정책으로 나눌 수 있다.', NOW(), NOW()),
    ('총요소생산성', '생산을 위해 투입되는 모든 생산요소들의 종합적 생산성. 생산량을 요소투입의 가중합으로 나누어 계산한다. 요소투입에 의해 설명되지 않고 남는 부분이라는 의미에서 잔차 (residua', NOW(), NOW()),
    ('총자산이익율ㆍ자기자본순이익율', '총자산순이익률(ROA)은 총자산에 대한 당기순이익 비율. 은행을 예로 설명하면, 은행이 보유한 자산인 대출, 유가증권 운영 등 총자산을 얼마나 효율적으로 운용했느냐를 알 수 있는', NOW(), NOW()),
    ('총주주수익률', 'Total Shareholder Return의 약자. 주주들이 일정 기간 얻을 수 있는 총수익률. 배당소득과 주식평가이익을 더해 계산한다.', NOW(), NOW()),
    ('총통화', '통화량을 측정하는 지표 중 하나로, 협의통화 (M1)에 저축성예금을 합한 것. 저축성 예금은 요구불 예금만큼 입출금이 자유롭지는 않지만 약간의 이자소득만을 포기한다면 언제든지 인출', NOW(), NOW()),
    ('최고가격제', '정부가 시장가격보다 낮은 수준으로 가격 통제를 해서 그 이상의 가격으로 거래가 이루어지는 것을 제한하는 제도. 인플레이션에 대한 규제, 소비자 보호 등을 목적으로 이러한 정책을 실', NOW(), NOW()),
    ('최소시장접근', '수입이 금지되었던 상품의 시장을 개방할 때 일정기간 동안 최소한의 개방 폭을 규정한 것. 쌀 등 농산물의 시장개방을 하면서 국내시장의 충격완화를 위해 전면적으로 개방하지 않더라도', NOW(), NOW()),
    ('최소효율규모', '최소효율규모란 규모의 경제의 이득을 보는 기업의 장기평균비용이 최소가 되는 지점에서의 생산량을 말한다. 어떤 기업이 생산 활동을 하기 위해 공장과 같은 고정설비가 필요하다면, 생산', NOW(), NOW()),
    ('최유리지정가호가', '주식 주문의 호가 방법 중 하나이다. 매수자 또는 매도자 입장에서 가장 유리한 가격으로 지정해 매매가 체결될 수 있도록 해주는 호가이다.', NOW(), NOW()),
    ('최저한세제도', '과세의 불공평을 완화하고 재정수입을 확보하기 위해 조세지원이 불가피한 경우라 하더라도 최소한의 조세를 부담하게 하는 제도.', NOW(), NOW()),
    ('추세선', '주식시장에서는 주가가 일반적으로 일정 기간 동안 같은 방향으로 나타내는 경향이 있는데, 이를 추세라고 하며 차트에 이러한 추세를 일정한 직선이나 곡선으로 나타낸 선을 추세선이라고', NOW(), NOW()),
    ('추심', '어음이나 수표소지인이 거래은행에 어음과 수표의 대금 회수를 위임하고, 위임을 받은 거래은행은 어음과 수표의 발행점포 앞으로 대금의 지급을 요청하는 일련의 절차를 말한다.', NOW(), NOW()),
    ('추심어음', '채권을 추심할 목적으로 발행하는 어음을 말한다. 보통 채권자가 채무자를 지급인으로 하고 자기 또는 자기의 채권자인 제3자를 수취인으로 하여 환어음을 발행하고 은행에 그 추심을 의탁', NOW(), NOW()),
    ('출구전략', '경기 부양을 위해 취했던 양적완화 정책의 규모를 점진적으로 축소해 나가는 것.  테이퍼링(tapering)이라고도 하는데, 과잉 유동성으로 인플레이션이 일어나는 것을 막기 위해서', NOW(), NOW()),
    ('출금전표', '은행이나 회사 등에서 돈을 지급할 때 예금주, 금액 등을 적어 넣는 쪽지를 말한다. 지급전표로 불리기도 한다. 전표는 회계거래의 발생 사실을 전달하고, 장부상의 증거자료로 보존하기', NOW(), NOW()),
    ('취약국가지수', '취약국가지수(Fragile States Index, FSI)는 미국의 싱크탱크인 평화기금회(Fund for Peace)와 미국 격월간 외교 전문지인 <포린폴리시(Foreign Po', NOW(), NOW()),
    ('취업애로계층', '실업자와 비경제활동인구 중 취업에 어려움을 겪는 사람. 취업애로계층은 공식 실업자 뿐 아니라 비경제활동인구 중 취업희망자, 취업자 중 추가취업희망자 등 사실상 실업자를 포괄하는 개', NOW(), NOW()),
    ('취업유발계수', '특정 제품이나 산업에 대한 수요가 발생할 경우 경제 전체적으로 늘어나는 취업자수. 취업유발계수는 특정 산업의 직접적인 노동 투입량 뿐만 아니라, 생산의 파급과정에서 간접적으로 유발', NOW(), NOW()),
    ('취업자', '수입이 있는 일에 종사하고 있는 사람. 취업률은 경제활동인구 중 취업자의 비율을 말한다.', NOW(), NOW()),
    ('카르텔', '사업자가 다른 사업자와 공동으로 상품 또는 서비스의 가격, 거래조건, 생산량 등을 결정하거나 제한함으로써 경쟁을 제한하는 행위. 공정거래법상 부당한 공동행위에 해당한다.', NOW(), NOW()),
    ('카멜', '미국의 연방준비제도이사회(FRB)ㆍ연방예금보험공사(FDIC) 등 연방은행감독기관이 1978년부터 실시하고 있는 은행검사시스템으로서 은행건전성 감독기준이다.', NOW(), NOW()),
    ('캐즘', '첨단 기술 제품이 소수의 혁신적 성향의 소비자들이 지배하는 초기 시장에서 일반인들이 널리 사용하는 단계에 이르기 전 일시적으로 수요가 정체하거나 후퇴하는 현상.', NOW(), NOW()),
    ('캘리차이나', '캘리포니아(California)와 차이나(China)의 합성어이다. 미국 캘리포니아의 실리콘밸리와 중국의 선전, 이 두 지역이 융합하고 있다는 뜻으로, 호주 시드니대학교의 살바토레', NOW(), NOW()),
    ('캥거루본드', '외국 정부나 외국 기업이 호주 국내 시장에서 호주 투자자들을 대상으로 판매하는 채권. 호주 현지법에 따라 발행되는 이 상품의 정식 명칭은 호주달러표시채권이다.', NOW(), NOW()),
    ('커피출레이션', '조건부 항복''이라는 뜻으로, 급락세 주식시장에서 투자자들이 희망을 버리고 항복하듯이 주식을 매도하는 현상.  급락장에서 투자자들의 심리는 3단계로 나뉜다.', NOW(), NOW()),
    ('컨벡시티', '채권 가격과 채권 이익률, 채권의 듀레이션(이자율에 대해 채권 관련 투자 상품의 가격이 민감하게 반응하는 정도)이 이자율의 변화에 대해 어떻게 변화하는지, 사이의 곡선 관계에 대한', NOW(), NOW()),
    ('컨소시엄', '컨소시엄은 공통의 목적을 위한 협회나 조합을 말한다. 컨소시엄은 라틴어로 동반자 관계와 협력, 동지를 의미한다.', NOW(), NOW()),
    ('컨테이너안전협정', '선박이 출항하기 전에 출항할 국가에서 컨테이너에 관한 안전을 확인한 후에 수출하는 것을 주요한 내용으로 하는 협정으로, 9.11 사태 이후 미국이 주도하여 도입하였다.', NOW(), NOW()),
    ('코리나', '한국(Korea)과 중국(China)을 합친 신조어.', NOW(), NOW()),
    ('코리안페이퍼', '우리나라의 정부, 금융기관 및 기업 또는 이들 기업의 해외점포 등이 자금조달을 목적으로 해외 금융시장에서 발행ㆍ거래하는 한국관련 증권을 총칭하며, ‘한국물’이라고 불리기도 한다.', NOW(), NOW()),
    ('코스닥', '중소벤처기업을 위한 주식시장으로 미국의 나스닥(NASDAQ)을 본따 이름지어졌다. 1996년 7월 1일 증권업협회와 증권사들이 설립한 코스닥증권(주)에 의하여 개설되었다.', NOW(), NOW()),
    ('코스트에버리지', '코스트에버리징은 구매비용을 평균화하는 투자법으로 정액분할투자법, 평균매입단가인하라고도 한다. 주가가 높을 때는 적은 수의 주식을 매입하고 주가가 낮을 때는 많은 수의 주식을 구매하', NOW(), NOW()),
    ('코스피200', '한국거래소(KRX) 유가증권시장의 전종목 가운데 시장 대표성, 유동성, 업종 대표성(어업ㆍ광업ㆍ제조업ㆍ전기가스업ㆍ건설업ㆍ유통서비스업ㆍ통신업ㆍ금융서비스업ㆍ오락문화서비스)을 선정 기준', NOW(), NOW()),
    ('코픽스', '은행연합회가 국내 8개 은행(농협, 신한, 우리, 한국 스탠다드차타드, KEB하나, 중소기업, 국민, 한국 씨티)로부터 자금조달에 관련된 정보를 제공받아 산출하는 자금조달비용지수이', NOW(), NOW()),
    ('콘탱고', '선물가격이 현물가격보다 높거나 결제월이 멀수록 선물가격이 높아지는 현상을 콘탱고라 한다. 통상 선물거래 가격에는 만기까지 소요되는 현물의 보유비용 즉, 이자, 창고료, 보험료 등의', NOW(), NOW()),
    ('콜', '금융기관이나 증권회사 등이 일시적인 자금 과부족을 조절하는 시장이다. 일시적인 여유자금을 운용하는 것을 콜론(call loan), 일시적인 자금 부족으로 차입하는 것을 콜머니(ca', NOW(), NOW()),
    ('콜금리', '금융기관간 영업활동 과정에서 남거나 모자라는 자금을 30일 이내의 초단기로 빌려주고 받는 것을 ‘콜’이라 부르며, 이때 은행ㆍ보험ㆍ증권업자 간에 이루어지는 초단기 대차(貸借)에 적', NOW(), NOW()),
    ('콜레보노믹스', '협력을 뜻하는 "collaboration"과 경제를 뜻하는 "economics"의 합성어. 협력을 통해 윈윈하는 ''상생의 경제학''을 말한다.', NOW(), NOW()),
    ('콜시장', '금융 기관들이 일시적인 자금 과부족을 조절하기 위해 자금을 차입하거나 대여하는 초단기 금융 시장을 말한다. 콜시장이라는 이름은 전화 한통화로 자금 거래가 이루어지고 있다는 데서 붙', NOW(), NOW()),
    ('콜오버', '콜을 매수하여 장중거래시 매도하지 않고 다음날까지 가져가는 것을 말하며 대부분 지수가 상승하리라 예상을 하고 콜오버를 하게 된다.', NOW(), NOW()),
    ('콜옵션', '선택할 수 있는 권리를 뜻하는 ‘옵션’이 파생금융시장에서 사용될 경우, 살 수 있는 권리를 콜옵션, 팔 수 있는 권리를 풋옵션이라고 한다.', NOW(), NOW()),
    ('쿠퍼효과', '경기 부양책에 따른 경기회복은 점진적으로 나타나고 긴축정책에 따른 경기 냉각은 빠르게 진행되는 현상. 정부와 중앙은행은 경기가 침체기거나 회복기일 때 금융정책을 통해 경기를 안정시', NOW(), NOW()),
    ('쿠폰금리', '만기 시에 원금상환을 약속하는 증서인 채권에 대해 지급하기로 약정된 확정금리를 가리키는 말이다. 채권과 별도 증서인 쿠폰에 액면가격에 대한 연이율로 표시하며, 통상 연 1회, 2회', NOW(), NOW()),
    ('퀀텀점프', '단기간에 비약적으로 실적이 호전되는 현상. 원래 물리학에서 양자도약을 의미하는 말이다.', NOW(), NOW()),
    ('퀀트펀드', '객관적인 재무데이터로 계량적인 모델을 구축하고 시장의 움직임을 바탕으로 컴퓨터 프로그램을 만들어 이에 근거해 투자결정을 내리는 펀드를 말한다.', NOW(), NOW()),
    ('큐싱', 'QR코드''와 개인정보나 금융정보를 ''낚는다(fishing)''는 의미의 합성어 . QR코드를 통해 악성 앱을 다운 받도록 유도하는, 스미싱에서 한 단계 더 진화된 금융사기 기법 .', NOW(), NOW()),
    ('크레디트디폴트스와프', '채권발행사가 부도 등으로 어려움을 겪을 경우 손실의 일부 또는 전부를 보전받을 수 있도록 한 보험 성격의 신용파생상품. 신용파산스왑 혹은 신용부도스와프라고도 한다.', NOW(), NOW()),
    ('클린펀드', '부실채권이 없는 깨끗한 펀드라는 의미이다. 1999년 대우사태가 발발하면서 대우채권이 포함되어 있는 펀드의 환매가 제한되었던 상황에서 대우채권이 투자부적격 채권임에도 불구하고 고수', NOW(), NOW()),
    ('키코', '녹인(Knock-In; KI)옵션과 녹아웃(Knock-Out; KO)옵션을 결합(KIKO)하여 만든 구조화파생상품으로 키코라는 이름은 우리나라에서 명명한 것이고 학문적 용어는 아니', NOW(), NOW()),
    ('킹스턴체제', '1973년 변동환율로 이행한 이후의 국제통화체제. 명칭은 자메이카의 킹스턴에서 열렸던 회의에서 이러한 변화가 결정된 데서 유래하였다.', NOW(), NOW()),
    ('타당성재조사', '재정당국이 사업추진 과정에서 타당성을 객관적으로 재조사하여 재정지출의 효율성을 제고하기 위하여 2003년에 도입한 제도이다.', NOW(), NOW()),
    ('탄력세율', '정부가 법률로 정한 기본세율을 탄력적으로 변경하여 운영하는 세율을 말한다. 이러한 세율은 조세의 경기조절기능을 수행하기 위한 목적에서 마련된 제도이다.', NOW(), NOW()),
    ('탄소배출권', '일정기간 동안 이산화탄소, 메탄, 아산화질소 등 온실가스의 일정량을 배출할 수 있는 권리. 주식, 채권처럼 거래소나 장외에서 매매가 가능하다.', NOW(), NOW()),
    ('탄소펀드', '온실가스 감축사업에 투자해 얻은 탄소배출권을 국제시장에서 에너지 소비가 많은 기업 등에 다시 팔아 수익을 확보하는 금융상품.', NOW(), NOW()),
    ('탈동조화', '한 나라 경제가 특정국가 혹은 세계 전체의 경기 흐름과 독립적으로 움직이는 현상. 모건스탠리가 처음으로 사용한 용어로, 경기침체에도 불구하고 강한 성장을 지속하는 경우는 하드 디커', NOW(), NOW()),
    ('택스마겟돈', '세금(Tax)과 대재앙을 의미하는 아마겟돈(Armageddon)의 합성어. 워싱턴포스트(WP)가 처음으로 사용했다.', NOW(), NOW()),
    ('테마주', '국내외적으로 특정 사건이나 이슈가 발생했을 때 주식시장에서 투자자들에게 일시적으로 집중을 받는 종목 또는 종목군을 일컫는다.', NOW(), NOW()),
    ('테일러준칙', '중앙은행이 금리를 결정할 때 경제성장률과 물가상승률에 맞춰 조정하는 것을 말한다. 이에 따라 중앙은행은 실제 경제성장률과 잠재 경제성장률의 차이인 GDP갭과 실제 물가상승률과 목표', NOW(), NOW()),
    ('토빈세', '국제 투기자본(핫머니)의 급격한 자금 유출입으로 인한 금융 위기를 방지하기 위해 단기성 외환거래에 부과하는 세금.', NOW(), NOW()),
    ('톱니효과', '한번 올라간 소비 수준이 쉽게 감소하지 않는 현상. 이와 같이 소비의 상대적 안정성으로 인해 경기후퇴로 소득이 줄어든다 하더라도 소비가 같은 속도로 줄어들지 않기 때문에, 소비가', NOW(), NOW()),
    ('통안채', '한국은행이 시중 통화량 조절을 위해 금융기관을 상대로 발행하고 매매하는 채권으로 통화안정채권이라고 한다. 시중의 통화량을 줄이기 위해 통안채 발행량을 만기량보다 많게 하고, 시중에', NOW(), NOW()),
    ('통정거래', '매수할 사람과 매도할 사람이 사전에 가격을 미리 정해놓고 일정시간에 주식을 서로 매매하는 것을 말한다. 통정거래는 마치 거래가 활발하게 일어나는 것처럼 보이게 하여 선의의 투자자들', NOW(), NOW()),
    ('통합재정수지', '우리나라 예산은 일반회계ㆍ특별회계ㆍ기금으로 구성되는데, 이를 따로 분리하지 않고 하나로 합쳐 포괄범위 내에 있는 내부거래를 상계한 후 거래를 나타낸 것을 통합재정이라고 한다.', NOW(), NOW()),
    ('통화량', '시중에 통용되고 있는 통화의 규모. 통화량은 특정시점에서 측정하는 저량(stock)이며 통화량의 크기와 변동을 측정할 수 있는 지표를 통화지표라 한다.', NOW(), NOW()),
    ('통화불일치', '외화로 표시된 부채와 자국통화로 계산된 자산이 일치하지 않는 경우. 예를 들어, 외국에서 달러를 빌려 원화로 교환하여 사용하는 기업의 경우 원화 가치가 하락하게 되면 원화를 기준으', NOW(), NOW()),
    ('통화스왑', '둘 이상의 거래기관이 사전에 정해진 만기와 환율에 의해 다른 통화로 서로 교환하는 외환거래를 말하며 환시세의 안정을 도모하는 것이 목적이다.', NOW(), NOW()),
    ('통화승수', '본원통화 한 단위가 증가할 때 통화량이 늘어나는 비율. 경제주체들의 현금보유비율 그리고 예금은행의 지불준비율이 작을수록 커진다.', NOW(), NOW()),
    ('통화안정증권', '중앙은행인 한국은행이 시중의 통화량을 조절하기 위해 금융기관이나 일반인을 대상으로 발행하는 특별 유통증권. 통화안정증권은 일종의 약속증서로 일정기간 돈을 빌리는 대신 만기 때 이자', NOW(), NOW()),
    ('통화옵션', '미래의 특정 시점(만기일)에 특정 통화를 미리 약정한 가격(행사가격)으로 사거나 팔 수 있는 권리가 부여된 파생상품.', NOW(), NOW()),
    ('통화유통속도', '일정기간 동안에 화폐 한 단위가 거래에 사용되는 횟수. 화폐유통속도는 국내총생산을 통화량으로 나눠 계산한다.', NOW(), NOW()),
    ('통화정책', '중앙은행이 돈의 양을 늘리거나 줄임으로써 경제활동의 수준을 조절하는 정책. 일반적으로 중앙은행은 기준금리 수준을 정한 뒤 여기에 맞춰 통화량을 조절하는데, 그러면 금융시장에서 콜금', NOW(), NOW()),
    ('퇴직연금제', '회사가 근로자의 퇴직급여를 금융기관에 맡겨 운용한 뒤 근로자가 퇴직할 때 적립된 퇴직급여를 재원으로 한 연금으로 지급하는 제도를 말한다.', NOW(), NOW()),
    ('투자신탁회사', '투자자의 재산 증식과 산업자금의 원활한 조달, 자본시장 및 증권시장의 안정적 성장 발전을 목적으로 증권 투자신탁업법(1969.', NOW(), NOW()),
    ('투자심리선', '일정 기간 동안 투자 심리의 변화를 파악하여 주식 시장의 상태를 진단하는 기준이 되는 수치를 말한다. 최근 12일 동안에 나타난 전일 대비 상승일 수를 누계하고 이를 12로 나누어', NOW(), NOW()),
    ('투자원금평잔', '투자한 원금의 평균잔액을 줄여서 투자원금평잔이라고 한다. ▶투자원금평잔 공식= ((기초자산 * 기간적수일자)+ (입금고액 * 입금고적수일자) - (출금고액 * 출금고적수일자)) /', NOW(), NOW()),
    ('투자은행', '신규증권의 발행으로 장기자금을 조달하려는 자금의 수요자와 자금의 공급자인 투자자 사이를 연결하는 중개기능을 주요 업무로 하는 증권인수업자(Underwriting House)를 말하', NOW(), NOW()),
    ('투자자보호', '투자자보호는 투자자가 실제로 펀드에 가입할 때 발생하는 불완전 판매와 관련되어 발생한 피해를 구제하거나 발생할 피해를 예방하는 행위이다.', NOW(), NOW()),
    ('투자자유지역', '특정 산업 또는 외국인의 투자를 유치하기 위한 목적으로, 투자절차 및 기업 활동과 관련한 제반 법령의 적용이 전부 또는 일부가 배제되거나 완화되는 일정한 지역.', NOW(), NOW()),
    ('투자협정', '두 개 이상의 국가가 서로간의 투자증진 및 투자보호를 목적으로 체결하는 협정. 두 개의 국가간에 이루어지는 협정을 양자간 투자협정, 다수의 국가간에 이루어지는 협정을 다자간 투자협', NOW(), NOW()),
    ('투자활동지표', '한 나라 경제의 투자활동이 어느 정도인가를 파악하는 지표를 말한다. 크게 설비투자지표와 건설투자지표로 나뉜다. 투자활동지표는 주로 미래의 경기추세를 판단하는 선행지표로 활용된다.', NOW(), NOW()),
    ('트레이너지수', '시장위험에 대한 초과 수익률 정도를 나타내는 지수로 펀드위험지표의 하나다. 위험 조정 성과로 가장 많이 이용되는 샤프지수가 위험에 대한 초과수익률 정도를 나타낸 것이라면 트레이너지', NOW(), NOW()),
    ('트릴레마', '세 가지 정책 목표 간에 상충관계가 존재하여 이들을 동시에 개선할 수 없는 상황. 거시경제학에서 ''물가'', ''실업'', ''국제수지''의 3가지 간에 존재하는 상충관계가 대표적이다.', NOW(), NOW()),
    ('특별부가세', '특별부가세란 법인세법에 의거, 법인이 부동산 또는 부동산의 권리를 양도하는 경우에 발생하는 양도차익을 과세대상으로 하는 세금으로, 법인세 특별부가세라고도 부른다.', NOW(), NOW()),
    ('특별수선충당금', '300세대 이상의 중앙집중난방방식, 엘리베이터 등이 있는 공동주택의 경우에 사용검사 후 1년이 경과한 날로부터 수리 보수나 조경을 하는 데 드는 비용, 도색작업 등의 전체 장기수선', NOW(), NOW()),
    ('특별회계', '국가의 회계 중 특정한 세입으로 특정한 세출을 충당하는 것을 말한다. 특별회계는 특정한 사업을 운영할 때, 특정한 자금을 보유하여 운용할 때, 특정한 세입으로 특정한 세출을 충당함', NOW(), NOW()),
    ('특수은행', '은행법에 따라 설립하여 업무를 영위하는 일반은행(commercial bank)과 대비되는 개념이다. 특수은행(special bank)은 개별 특수은행법에 의거하여 설립ㆍ운영되며 은', NOW(), NOW()),
    ('특약', '특별한 조건을 붙인 약속으로, 일반적으로 보험회사에서 기본 보험계약으로 담보되지 않는 위험을 추가로 담보하거나 반대로 보험금 지급조건을 제한하는 특별약관을 말한다.', NOW(), NOW()),
    ('티보', '일본 은행 간 거래 금리를 통칭한다. 국제금융거래의 기준이 되는 런던은행간거래(LIBOR)의 도쿄 판으로, 금융선물거래나 금리스왑거래의 지표금리로 사용된다.', NOW(), NOW()),
    ('파노폴리', '상품을 통해 속한 집단을 나타내는 현상. 어린 아이가 역할놀이를 통해 마치 그와 같은 인물이 된듯한 기분을 느끼는 것처럼 파노폴리를 이루는 상품을 소비하면 그것을 소비할 것이라고', NOW(), NOW()),
    ('파레토개선', '하나의 자원배분상태에서 어느 누구에게도 손해가 가지 않게 하면서 최소한 한 사람 이상에게 이득을 가져다주는 변화.', NOW(), NOW()),
    ('파산', '채무자가 그 채무를 모두 갚지 못할 상태에 놓인 경우 채무자의 모든 재산을 채권자에게 공평하게 변제하는 것을 목적으로 하는 재판상의 절차를 말한다.', NOW(), NOW()),
    ('파산제도', '개인이 빚을 갚을 능력이 없는 경우에 법원에 파산신청을 할 수 있도록 한 제도이다. 법원은 채무자에게 파산원인이 있다고 인정되는 경우에 파산선고를 하게 되며, 채무자의 총재산을 모', NOW(), NOW()),
    ('파생결합증권', '유가증권과 파생금융상품이 결합한 형태의 증권으로 기초자산의 가치변동에 따라 수익이 결정된다. 기초자산은 주가지수, 이자율, 통화(환율)뿐 아니라 금, 원유, 구리, 철강, 곡물,', NOW(), NOW()),
    ('파생금융상품', '금융상품의 가격 움직임을 상품화한 것으로, 통화ㆍ채권ㆍ주식 등 기초금융자산(Underlying Financial Asset)의 가치변동에 의해 가격이 결정되는 금융계약을 가리킨다.', NOW(), NOW()),
    ('파생금융상품양도세', '선물과 옵션 등 파생금융상품의 거래에 부과되는 세금. 기획재정부는 ''2014년 세법개정''을 통해 오는 2016년부터 장내파생상품(국내파생상품시장에서는 KOSPI200 선물ㆍ옵션,', NOW(), NOW()),
    ('파생상품', '주식과 채권 등 전통적인 금융상품을 기초자산으로 하여 기초자산의 가치변동에 따라 가격이 결정되는 금융상품을 말한다.', NOW(), NOW()),
    ('파생통화', '정부가 발행한 지폐나 주화 이외에 통화량이 증가하는 효과를 발휘하는 금융상품. 즉, 은행에서 대출을 받는다면 그 금액만큼의 통화를 보유하게 된 거라 보는데, 이를 파생통화라 한다.', NOW(), NOW()),
    ('팍스시니카', '중국 경제 중심의 세계질서를 일컫는 용어. ''팍스(Pax)''는 라틴어로 평화를 뜻하는데, 로마제국의 피정복 민족들에 대한 통치는 ''팍스 로마나(Pax Romana)'', 19세기 영', NOW(), NOW()),
    ('판매가격표시제도', '판매가격표시제도는 제조업체가 설정하는 소매가격인 권장소비자가격과는 달리, 최종 판매업자가 공산품 유통·판매 단계의 거래가격을 표시하도록 하는 제도이다.', NOW(), NOW()),
    ('패닉셀링', '공황매도. 어떤 특정 증권 혹은 증권 전반에 걸친 혼란스러운 매도현상을 뜻한다. 주로 ''투매''라고 한다. 가격이 더 떨어지기 전에 팔려는 증권 소지자들의 급작스런 행동으로 인해 대', NOW(), NOW()),
    ('팬더본드', '국제기관이나 외국기업이 중국에서 발행하는 위안화 표시 채권을 말한다. 중국은 2005년에 처음으로 외국 기관의 위안화 채권 발행을 허가했다.', NOW(), NOW()),
    ('펀더멘털', '원래 Fundamental이란 영어단어는 ''기본적인, 근본적인''이란 뜻을 가지고 있다. 이 단어가 경제용어로 쓰이면 한 나라의 경제상태를 표현하는데 있어 가장 기초적인 자료가 되는', NOW(), NOW()),
    ('펀드런', '주식형 펀드 투자자들이 수익률이 떨어질 것을 우려해 일시에 펀드 환매를 요청하는 현상. 2008년 글로벌 경제위기로 주가가 갑자기 폭락해 큰 손실을 보면서도 손을 쓰지 못했던 세계', NOW(), NOW()),
    ('펀드보수', '펀드보수는 펀드의 투자기간내에 지속적으로 발생하는 것으로 이용료의 개념으로 이해하면 된다. 자산운용회사에서 개발한 펀드를 판매하는 은행, 증권, 보험, 자산운용사 등의 금융회사들이', NOW(), NOW()),
    ('펀드슈퍼마켓', '펀드 판매사인 은행, 증권, 보험회사에서 판매되는 펀드들을 한곳에 모아 파는 온라인 쇼핑몰을 말한다. 펀드 슈퍼마켓은 미국·영국·호주 등 금융 선진국에서는 이미 제도화된 시스템인데', NOW(), NOW()),
    ('펀드이동제', '‘펀드 판매회사 이동제도’는 투자자가 환매수수료 부담 없이 판매회사를 변경할 수 있도록 하여 펀드 판매회사 간 서비스 차별화 등을 통한 공정한 경쟁을 유도하고 투자자의 판매회사 선', NOW(), NOW()),
    ('펀드패스포트', '펀드의 등록·판매에 대한 공통규범을 마련하여 회원국 간 펀드의 교차판매 절차를 간소화하는 제도. 기존에는 펀드를 판매하기 위해서 국가마다 서로 다른 규제와 절차를 따라야 했지만 이', NOW(), NOW()),
    ('평가절하/절상', '고정환율제도하에서 정부나 중앙은행이 환율을 올리거나 내려서 자국 화폐의 가치를 인위적으로 내리거나 높일 수 있다.', NOW(), NOW()),
    ('평균수익률', '①증권이 대부분 만기 이전에 일부 혹은 전부가 지급이 되는데 만기전 지급을 고려하여 산출한 수익률을 평균수익률이라 한다. 평균수익률은 기대수익률이라고 표현하기도 한다.', NOW(), NOW()),
    ('포괄적경제동반자협정', 'FTA와 아울러 경제ㆍ기술ㆍ투자 협력 등 다양한 경제관계를 포괄하는 협정. 지난 2003년 6월에 중국이 홍콩과 이 협정을 맺으면서 널리 알려지게 되었다.', NOW(), NOW()),
    ('포용금융', '포용성장이 사회 각 구성원에게 균등한 경제활동 참여 기회를 갖도록 하여 불평등을 완화하고 경제 성장을 제고하는 것과 유사하게 금융에서 추약게층에 대한 금융접근성을 확대하는 것을 말', NOW(), NOW()),
    ('포타슈랑스', '포털과 보험회사가 연계해 일반인에게 보험 상품을 판매하는 영업형태. 은행이나 보험사가 다른 금융부문의 판매채널을 이용해 자사상품을 판매하는 방카슈랑스(Bancassurance) 제', NOW(), NOW()),
    ('포페이팅', '은행이 수출 거래에 발생하는 환어음을 매입해 수출기업에 대금을 즉시 지급하고 향후 수출 대금을 바이어로부터 받는 제도.', NOW(), NOW()),
    ('포합주식', '합병을 하기 전, 합병하는 법인이 취득한 피합병법인의 주식을 말한다.', NOW(), NOW()),
    ('폰지사기', '신규 투자자의 돈으로 기존 투자자에게 이자나 배당금을 지급하는 방식의 다단계 금융사기. 1920년대 막대한 투자배당을 약속한 찰스 폰지(Charles Ponzi)가 벌인 사기 행각', NOW(), NOW()),
    ('표지어음', '금융기관이 할인, 보유하고 있는 상업어음이나 무역어음 등을 근거로 별도의 자체 어음으로 재구성해 새롭게 발행한 어음을 말한다.', NOW(), NOW()),
    ('풋백옵션', '풋 백 옵션은 풋옵션을 기업인수 합병에 적용한 것으로, 본래 매각자에게 되판다는 뜻을 강조하고 파생금융상품에서 일반적으로 사용되는 풋옵션과 구별하기 위해 풋백옵션이라고 부른다.', NOW(), NOW()),
    ('풋옵션', '선택할 수 있는 권리를 뜻하는 ‘옵션’이 파생금융시장에서 사용될 경우, 살 수 있는 권리를 콜옵션, 팔 수 있는 권리를 풋옵션이라고 한다.', NOW(), NOW()),
    ('풋콜레이쇼', '주가의 고점과 저점을 판단하는 기술적 지표 중 하나로, 풋옵션의 거래대금(거래량)을 콜옵션의 거래대금(거래량)으로 나눈 값으로 계산된다.', NOW(), NOW()),
    ('풍선효과', '문제 하나가 해결되면 또 다른 문제가 생겨나는 현상. 풍선의 한 곳을 누르면 그곳은 들어가는 반면 다른 곳이 팽창되는 현상에 빗댄 것이다.', NOW(), NOW()),
    ('프라임레이트', '은행에서 신용이 가장 높은 기업에 대출할 때 적용하는 최우대 금리. 은행이 기업의 신용도에 따라 차등금리를 적용할 경우 가장 낮은 금리를 나타내는 것으로 한 나라 금리수준의 지표로', NOW(), NOW()),
    ('프라임브로커', '헤지펀드 설립 지원부터 자금모집, 운용자금대출, 주식매매위탁 등 다양한 서비스를 제공하는 금융회사를 말한다. 세계적인 투자은행들의 주요 업무영역 중 하나다.', NOW(), NOW()),
    ('프리보드', '증권시장에 상장되지 않은 기업들이 주권을 매매할 수 있도록 운영되는 장외시장을 말한다. 2000년 3월 한국금융투자협회가 프리보드의 전신인 장외주식호가중개시장(제3시장)을 개설했다', NOW(), NOW()),
    ('프리본드', '채권 장외시장에서 금융투자회사 등 시장 참여자들의 채권거래를 지원하기 위해 한국금융투자협회가 운영하는 전자 시스템. 2010년4월1일 정식 오픈됐다.', NOW(), NOW()),
    ('프리워크아웃', '단기연체자(1∼3개월 미만 연체자)의 채무를 신용회복위원회와 채권금융회사간 협의를 거쳐 조정해주는 제도. 대내외 경제여건 악화 등으로 가계대출 연체율이 증가하고 연체의 장기화가 우', NOW(), NOW()),
    ('피구효과', '임금과 물가가 내려가면 사람들이 가지고 있는 화폐 자산의 실질가치는 올라가고, 그 자산가치의 증가가 소비를 늘려서 궁극적으로 고용을 증대시킨다는 이론.', NOW(), NOW()),
    ('피봇', '옵션을 이용하여 만든 구조화 파생상품으로 피봇이라는 이름은 일반적인 상품명이 아니고 우리나라에서 특별히 명명한 환율관련 금융상품이다.', NOW(), NOW()),
    ('피시플레이션', '수산물을 뜻하는 ''Fisheries''와 물가상승을 의미하는 ''Inflation''의 합성어. 수산물 가격의 지속적 상승을 뜻한다.', NOW(), NOW()),
    ('피치마켓', '피치마켓이란 고품질의 상품이 거래되는 시장을 말한다. 레몬은 겉보기와 달리 쓰고 신맛이 강해서 저품질의 상품으로 비유되고, 복숭아는 달콤하기 때문에 고품질의 상품에 비유된다.', NOW(), NOW()),
    ('핀테크', '금융(Financial)과 기술(Technology)의 합성어로, 금융과 IT의 결합을 통해 새롭게 등장한 산업 및 서비스 분야를 말한다.', NOW(), NOW()),
    ('필립스곡선', '실업과 물가상승 간의 역관계를 나타내는 곡선. 1958년 영국의 경제학자 필립스가 영국 경제의 실증 분석을 통해 실업률과 물가상승율 사이에는 음의 상관관계(상충관계)가 존재함을 보', NOW(), NOW()),
    ('하방경직성', '수요공급의 법칙에 의해 수요가 감소하거나 공급이 증가할 경우 하락해야 할 가격이 어떠한 원인에 의해 하락하지 않는 경우를 말한다.', NOW(), NOW()),
    ('하이브리드채권', '은행이 자본금 확충 또는 자본 조달을 위해 발행하는 신종자본증권을 말한다. 이것은 채권처럼 매년 확정이자를 받을 수 있고 주식처럼 만기가 없으면서도 매매가 가능하다.', NOW(), NOW()),
    ('하이일드펀드', '수익률은 매우 높은 반면 신용도가 취약해 ‘정크본드(junk bond)’라고 불리는 고수익ㆍ고위험 채권에 투자하는 펀드. 그레이 펀드 또는 투기채 펀드로도 불린다.', NOW(), NOW()),
    ('하이퍼인플레이션', '통상적인 수준을 벗어난 급격한 물가인상. 화폐 가치의 급격한 하락으로 경제에 혼란이 발생하고 실물경제에도 악영향을 미치기도 한다.', NOW(), NOW()),
    ('한계기술대체율', '생산자가 한 생산요소의 투입량을 한단위 감소시켰을 때, 동일한 생산수준을 유지하기 위해 증가시켜야 하는 다른 생산요소의 양을 말한다.', NOW(), NOW()),
    ('한계대체율', '두 재화 A와 B를 소비하면서 일정 수준의 만족감을 느끼는 소비자가 있다고 하자. 이 소비자는 현재 느끼는 만족감의 수준을 그대로 유지하면서 재화 A를 더 얻기 위해 재화 B의 일', NOW(), NOW()),
    ('한계비용', '한계비용은 재화 또는 서비스를 생산하는 기업의 입장에서 재화의 생산량을 한 단위 더 증가시키려 할 때 추가로 소요되는 비용을 가리킨다.', NOW(), NOW()),
    ('한계효용', '소비자가 구매하는 여러 개의 재화들 중 다른 재화들의 소비량은 고정시킨 상태에서 단 한 재화의 소비량을 한 단위 더 변화시킬 때 변화하는 효용의 크기를 그 재화의 한계효용이라고 한', NOW(), NOW()),
    ('한국개발연구원', '제2차 경제개발 5개년 계획의 수립과정에서 경제ㆍ사회개발정책을 연구하는 전문 연구기관의 필요성이 논의되어, 국민경제의 발전 및 이와 관련된 여러 부문의 과제를 현실적ㆍ체계적으로 연', NOW(), NOW()),
    ('한국금융투자협회', '2009년 2월 4일 자본시장통합법의 시행에 발맞춰 한국증권업협회, 자산운용협회, 한국선물협회가 통합하여 정식 출범한 대한민국 최대 금융단체.', NOW(), NOW()),
    ('한국벤처투자', '주식회사 한국벤처투자(KVIC: Korea Venture Investment Corporation)는 중소기업 및 벤처기업의 성장ㆍ발전을 위한 투자 촉진을 위해 ''벤처기업육성에관한', NOW(), NOW()),
    ('한국산업은행', '1953년 12월에 제정된 한국산업은행법에 근거해 1954년 4월에 설립된 은행이다. 주요 목적은 산업을 부흥하고 국민경제의 발전을 촉진하기 위한 중요 산업자금을 공급ㆍ관리하는 것', NOW(), NOW()),
    ('한국선물거래소', '한국선물거래소는 선물거래법에 의해 설립된 특별법인으로, 선물 및 옵션 상품을 거래하는 기관이다. 1999년 4월에 미국달러선물ㆍ양도성예금증서(CD)금리선물ㆍ금선물ㆍ미국달러옵션 4개', NOW(), NOW()),
    ('한국성장금융', '한국성장금융투자운용(K-Growth)은 2013년 대한민국 중소·벤처기업 성장을 지원하기 위하여 한국산업은행, 중소기업은행, 은행권청년창업재단이 공동으로 운용하던 성장사다리펀드 등', NOW(), NOW()),
    ('한국소비자보호원', '소비자의 권익을 증진하고 소비생활의 향상을 도모하며 국민경제의 발전에 이바지하기 위하여 국가에서 설립한 전문기관이다.', NOW(), NOW()),
    ('한국소비자원', '1987년 7월 소비자보호법에 의거해 설립된 기관으로, 초기 명칭은 한국소비자보호원이었으나 2007년 3월 소비자기본법에 따라 한국소비자원으로 변경됐다.', NOW(), NOW()),
    ('한국수출입은행', '한국수출입은행은 수출입 및 해외투자와 관련하여 일반 금융기관이 취급하기 어려운 장기저리의 정책자금을 지원하는 금융기관으로 1976년에 설립되었다.', NOW(), NOW()),
    ('한국외환은행', '1960년대 중반 개방화와 대외거래 확대로 인한 외국환관련 업무가 늘어남에 따라 상업성에 근거한 외국환전문은행의 설립 필요성이 대두되었고, 한국외환은행법에 따라 한국은행이 출자한', NOW(), NOW()),
    ('한국은행법', '한국은행의 설립 및 운영에 관한 법률. 1950년 5월 제정돼 공포된 이래 여러 차례의 개정을 거쳤다. 제정 당시에는 건전통화 유지 및 금융의 민주화와 정치적 중립성 보장이라는 중', NOW(), NOW()),
    ('한국정책금융공사', '2009년 10월 28일 한국산업은행의 정책금융 기능을 분리 신설, 2015년 1월 1일 한국산업은행에 재흡수된 기타공공기관으로 금융기관의 자금중개기능을 활용하여 중소기업의 자금', NOW(), NOW()),
    ('한국투자공사', '외환보유액과 공공기금 등의 효율적인 운용을 위해 싱가폴의 전문투자기관인 GIC를 모델로 설립을 추진하고 있는 한국형 투자기관이다.', NOW(), NOW()),
    ('한도거래', '대출거래방식의 하나로, 약정을 체결한 일정 한도내에서 자유롭게 상환 또는 재대출할 수 있는 거래방식을 말한다. 대표적인 것이 마이너스 통장이다.', NOW(), NOW()),
    ('할부금융', '일시불로 지급하기에 가격부담이 큰 제품을 할부로 구입할 경우 금융회사가 제조업체와 소비자 사이에 개입하여 물품대금을 대신 제조업체에 일시불로 지급하고 소비자로부터 물품대금을 일정', NOW(), NOW()),
    ('합성선물', '동일한 행사가격을 가진 콜옵션과 풋옵션이 결합하여 선물포지션을 만드는 포트폴리오 전략이다. 이러한 전략을 통해 저렴한 비용으로 합성된 선물포지션을 자유롭게 보유할 수 있다.', NOW(), NOW()),
    ('핫머니', '국제금융시장을 이동하는 단기자금 뿐만 아니라 국내시장에서 단기적인 차익을 따라 이동하는 단기적인 투기자금도 핫머니라고 부른다.', NOW(), NOW()),
    ('항공기펀드', '항공기 펀드는 보잉과 에어버스가 제작한 민항기를 사들여 항공사에 빌려주고, 임대 수익과 중고기 매각 시 차익으로 수익을 내는 상품이다.', NOW(), NOW()),
    ('항변권', '청구권의 행사에 대해 채무자 측에서 그 작용을 일시적으로 저지할 수 있는 효력을 가지는 권리를 말한다. 예를 들어 할부로 물품을 구입한 후에 그 물품에 이상이 생기거나 판매인이 서', NOW(), NOW()),
    ('해약환급금', '보험계약의 효력상실, 해약 및 해제 등의 이유로 보험금을 지급하지 않게 되었을 경우, 그 계약에서 정하는 바에 따라 보험계약자에게 반환하는 금액을 말한다.', NOW(), NOW()),
    ('햇살론', '대부업 등 사금융에서 30~40%대 고금리를 부담하는 저신용ㆍ저소득 서민에게 10%대의 저금리로 대출해주는 보증부 서민대출 제도를 말한다.', NOW(), NOW()),
    ('행동경제학', '인간의 실제 행동을 심리학, 사회학, 생리학적 시각에서 바라본 후 얻은 결과를 규명하려는 경제학의 한 분야. 행동경제학은 주류경제학의 ''합리적인 인간''을 부정하는 데서 시작하지만,', NOW(), NOW()),
    ('행복지수', '국내총생산(GDP) 등 경제적 가치 뿐 아니라 삶의 만족도, 미래에 대한 기대, 실업률, 자부심, 희망, 사랑 등 인간의 행복과 삶의 질을 포괄적으로 고려해서 측정하는 지표.', NOW(), NOW()),
    ('헤드라인공포', '미국 시장에서 갑작스럽게 나타나는 주가급락 현상을 지칭한 말. 월스트리트에서는 ''미국 신용등급 하락의 영향으로 실체없는 악재들이 시장을 흔들고 있다''는 뜻으로 쓰인다.', NOW(), NOW()),
    ('헤지펀드', '헤지펀드의 어원은 ''위험을 상쇄하는 베팅이나 투자등을 통해 손실을 피하거나 줄이려고 노력하는 것''으로 주식을 빌려 높은 차익을 고수하는 방법이다.', NOW(), NOW()),
    ('헤징', '현물가격의 변동에 따라 발생할 수 있는 손실을 최대한 줄이기 위해, 선물이나 옵션등 파생상품을 이용하여 시장에서 현물과 반대되는 포지션을 설정하는 것이다.', NOW(), NOW()),
    ('헬리콥터벤', '2006년 2월 앨런 그리스펀 뒤를 이어 미국 중앙은행인 연방준비제도이사회(FRB)의 의장이 된 벤 버냉키(Ben Shalom Bernanke)의 별명.', NOW(), NOW()),
    ('현물가격', '현물시장에서 거래된 상품의 현행 인도가격으로 ''현금지급가격''이라고도 한다. 선물계약의 기초가 되는 자산의 현물시장에서의 가격으로, 예를 들어 주가지수선물 계약에서의 현물가격은 현물', NOW(), NOW()),
    ('현물시장', '거래가 성립되는 시점과 대금 결제 시점이 동일한 시장을 말한다. 현물시장에는 보통 외환현물시장과 자원현물시장이 있다.', NOW(), NOW()),
    ('현시선호이론', '현시선호이론은 폴 새무엘슨(Paul Samuelson)이 개발한 경제학의 소비자이론이다. 전통적인 소비자이론은 관찰할 수 없는 소비자의 선호 체계에 강한 가정을 세우고 분석을 진행', NOW(), NOW()),
    ('협상가격차', '독점적 산업부문과 비독점적 산업부문 사이에 생산물의 가치실현력에 차이가 발생해 일정기간 양자의 생산물 가격지수에 격차가 생기는 현상이다.', NOW(), NOW()),
    ('협업', '동일생산과정 또는 관련된 생산과정에서 다수의 노동자가 계획적으로 협력하는 노동형태이다. 협업은 원시공동체, 노예제 사회, 그리고 봉건적 사회에서도 이루어졌지만, 자본주의사회에서는', NOW(), NOW()),
    ('협의통화', '민간이 보유하고 있는 지폐나 동전인 현금통화에 요구불예금 등 언제라도 현금화할 수 있는 은행 예금을 더한 것.', NOW(), NOW()),
    ('협정가격', '경쟁으로 인한 가격 하락을 방지하고 기업 이윤을 증대시키기 위하여 동종 기업들이 협정계약을 통해 정한 판매가격.', NOW(), NOW()),
    ('협조융자', '동일 융자대상에 대해 2개 이상의 금융기관이 사전에 융자조건 등을 협정하여 행하는 대출행위이다. 협조융자는 융자기관의 입장에서는 자금부담을 줄일 수 있고 위험분산이 가능하다는 이점', NOW(), NOW()),
    ('형식주의', '정부회계에 있어서는 세입ㆍ세출원인 발생의 시기에 구애됨이 없이 현실적으로 현금의 수입ㆍ지출이 행하여진 날이 속한 년도를 기준으로 회계처리가 이루어지는데 이러한 회계처리방법을 말한다', NOW(), NOW()),
    ('호가', '시장에서 제품을 사거나 팔 때 거래하고자 하는 가격을 호가라고 한다. 주식시장이나 부동산시장에서 주로 사용된다.', NOW(), NOW()),
    ('호혜주의', '국제 무역에서 양국이 서로 대등한 관계에서 이익을 주고받는 원칙으로 서로 같은 수준의 우대조치를 승인해 무역을 확대할 목적으로 취해진다.', NOW(), NOW()),
    ('혼합주', '여러 권리 중에서 어떤 권리에는 우선적 지위가 부여되고 다른 권리에는 후위적 지위가 부여되는 주식을 말한다. 혼합주는 주로 이익배당에서는 우선주로서의 성격을 가지며, 잔여재산의 분', NOW(), NOW()),
    ('홀딩스', '영어단어 holding은 한 회사에 대해 보유하고 있는 주식 수를 뜻한다. 즉, 홀딩스는 그 그룹의 지분을 일부나 다수 가지고 있으며, 그룹을 관리하고 경영하기 위해 만들어진 지주', NOW(), NOW()),
    ('화폐/돈', '오늘날 일반적인 유통 수단으로 세계 각국에서 일반적으로 사용되고 있는 화폐는 그 외형상 형태에 따라 크게 두 종류로 나누어 볼 수 있다. 그 하나가 지폐이다.', NOW(), NOW()),
    ('화폐발행고', '중앙은행이 발행한 화폐의 총량. 단, 한국은행이 보유한 화폐는 화폐발행고에 포함되지 않는다. 따라서 화폐발행고는 민간과 은행이 보유하고 있는 총화폐량과 동일하다.', NOW(), NOW()),
    ('화폐착각', '화폐 가치의 증감을 제대로 인식하지 못하는 상태. 화폐가치는 물가가 상승하면 떨어지고 물가가 하락하면 올라간다.', NOW(), NOW()),
    ('화환어음', '매도인이 먼 곳에 있는 매수인에게 주권이나 상품을 보내면서 그것을 담보로 하여 발행하는 환어음. 화물에 관한 운송증권을 첨부하여 어음 할인을 받을 수 있다.', NOW(), NOW()),
    ('환경세', '환경세란 환경을 오염시키는 기업의 생산활동이나 제품에 대해 부과되는 세금이다. 환경세는 환경오염 문제를 해결하기 위해 정부가 직접 규제하는 것이 아니라, 오염물질을 배출한 원인 제', NOW(), NOW()),
    ('환덤핑', '정부가 인위적으로 자국 화폐의 가치를 떨어뜨려 자국 수출상품의 대외경쟁력을 강화하는 것. 1달러에 1,000원이던 환율을 1,100원으로 100원 올리면(원화 평가절하) 한국 상품', NOW(), NOW()),
    ('환리스크', '외환을 보유하거나 운용하는 과정에서 환율 변동에 따라 발생하는 위험을 말하는 것으로 환위험이라고도 한다. 달러화가 예상치 못하게 급격하게 상승하면 원화가치가 떨어지기 때문에 달러표', NOW(), NOW()),
    ('환매조건부채권', '금융기관이 일정기간 후에 다시 사는 조건으로 채권을 팔고 경과기간에 따라 소정의 이자를 붙여 되사는 채권이다. ''환매채''라고도 한다.', NOW(), NOW()),
    ('환승론', '고금리 대부업체의 대출을 금리가 낮은 제도권 금융회사 상품으로 전환해 주는 금융 상품. 환승론의 이자율은 연 30~39% 수준이다.', NOW(), NOW()),
    ('환어음', '어음을 발행한 사람이 일정한 날짜에 일정한 금액을 일정한 장소에서 해당 어음이 지시하는 사람이나 어음을 갖고 있는 사람에게 무조건 지급할 것을 위탁하는 증권이다.', NOW(), NOW()),
    ('환위험', '환율 변동 때문에 발생하는 위험. 환율이 상승하거나 하락할 경우, 그로 인해 소득이나 자산이 증가 혹은 감소할 수 있다.', NOW(), NOW()),
    ('환율', '화폐간 교환비율. 두 화폐의 상대적 가치를 나타낸다. 만약 미화 1달러를 얻기 위하여 1,000원을 지불한다면, 1달러당 1,000원이 우리 나라 원화의 대미달러 환율이 된다.', NOW(), NOW()),
    ('환차손익', '국제간의 거래에서 거래계약 당시의 환율과 거래대금의 결재시의 환율이 달라져서 발생하는 손익. 예를 들어 한국의 수출업자가 다른 나라의 수입업자와 환율 1달러=1,000원일 때 수출', NOW(), NOW()),
    ('환치기', '사전적으로는 외국에서 빌려 쓴 외화를 국내에서 한화로 갚는다는 뜻으로 두 나라에 각각 금융계좌를 개설한 뒤 A국가에 입금하고 B국가에서 그곳 환율에 따라 금액을 환산해 현지 화폐로', NOW(), NOW()),
    ('환태평양경제동반자협정', '아시아ㆍ태평양 지역 경제의 통합을 목적으로 만들어진 다자간 자유무역협정.   2005년 6월 뉴질랜드, 싱가포르, 칠레, 브루나이 등 4개국 체제로 출범하였으며, 현재 11여개국이', NOW(), NOW()),
    ('환테크', '환율의 변동 방향을 예측하고 이에 따라 외화를 매입, 매도하여 수익을 올리려는 투자 전략. Foreign Exchange Market(FOREX) 는 외화가 하루 24시간 동안 지', NOW(), NOW()),
    ('환포지션', '환율에 의해 매매거래를 한 뒤 파악하는 외화채권의 재고량이다. 외국환은행이 원화를 지불하고 매입한 외환금액과 원화를 받고 매도한 외환금액과의 차이를 말한다.', NOW(), NOW()),
    ('환헤지', '투자, 수출, 수입 등 거래시 환율 변동에 따른 위험에 대비해 환율을 현재 시점의 환율에 미리 고정하는 것. 환율이 오를 경우의 이익을 포기하는 대신 환율이 내릴 경우의 손해를 막', NOW(), NOW()),
    ('황금주', '1주 이상의 소수지분으로 회사의 주요 의사결정에 거부권을 행사할 수 있는 권리가 부여된 특별주식을 의미한다. 광의의 의미로는 법적으로 주어진 의결권 이상의 특별한 권리가 부여된 주', NOW(), NOW()),
    ('회사채담보부증권', 'CBO는 채권을 기초자산으로 발행되는 자산담보부채권(ABS)으로 발행시장 CBO(primary CBO)와 유통시장 CBO(Secondary CBO)가 있다.', NOW(), NOW()),
    ('회전대출', '은행이 대출 규모와 기간을 정해두면 대출을 받는 사람이 자금의 필요에 따라 대출 기간 내에 단기어음을 발행하는 것으로, 회전신용(revolving credit)이라고도 한다.', NOW(), NOW()),
    ('효력상실', '보험료를 납입하기로 약정한 날짜에 보험료가 납입되지 않아 보험회사가 일정기간을 정하여 보험계약자에게 보험료를 납입할 것을 통지(납입최고)하였음에도 보험료가 납입되지 않을 경우 납입', NOW(), NOW()),
    ('효용', '경제학에서 효용이란, 의사결정자가 어떤 행동의 결과로 얻는 주관적인 기쁨이나 만족감을 의미한다. 예를 들면, 소비자가 재화나 서비스를 소비함으로써 얻는 만족감이 효용이 될 수 있다', NOW(), NOW()),
    ('후강퉁', '중국 상하이증시와 홍콩증시의 교차거래를 허용하는 제도. 해외 및 홍콩 개인투자자가 홍콩을 통해 중국주식을 매매할 수 있어 증시 유동성에 긍정적인 효과를 가져다준다.', NOW(), NOW()),
    ('후순위채권', '발행기업의 파산시 다른 일반채권ㆍ예금채권 등 선순위채권자(Unsubordinated Creditor)에 대한 원리금을 전액 지급한 후에야 원리금 지급이 가능한 채권을 말한다.', NOW(), NOW()),
    ('후행지수', '현재의 경기변동을 사후에 확인하기 위해 작성하는 지표. ①기계류 수입액 ②생산자제품 재고지수 ③도시가계 소비지출 ④회사채 유통수익률 ⑤비농가 실업률 ⑥근로자수 등의 지표들로 구성된', NOW(), NOW()),
    ('휴면계좌', '은행, 증권사, 보험회사 등에서 만들어진 계좌 중 잔액은 남아있으나 거래가 끊긴지 오래된 계좌를 말하며, 고객이 찾아가지 않아 휴면계좌에 남아있는 잔고를 ‘휴면예금’이라고 한다.', NOW(), NOW()),
    ('휴면보험금', '보험에 가입했지만 보험료 납입을 중지했거나 연체하여 보험계약 효력이 상실되었거나 혹은 보험계약자가 보험계약 만기가 상당 기간 지났음에도 불구하고 보험료를 찾아가지 않아 보험회사가', NOW(), NOW());

